region,epiweek,week_end_date,historical_endogeneous,confirmed_cases,uci_beds,death,recovered,hosp_rate,hospitalization,cli_er_visit,ili_er_visit,negative_cases,people_tested,emergency_facility_reporting,num_provider,kinsa_cases,wILI,health_tweet
X,202001,4/1/2020,5.929,0,0,0,0,0,0,2.8,2.9,0,0,3379,2964,5.611808025,5.929,0.460897023
X,202002,11/1/2020,4.93706,0,0,0,0,0,0,2.4,2.4,0,0,3395,2994,5.766867809,4.93706,0.42342874
X,202003,18/01/2020,5.33657,3,0,0,0,0,0,1.9,1.9,0,0,3392,2984,5.723268238,5.33657,0.484874174
X,202004,25/01/2020,6.08365,5,0,0,0,0,0,1.9,2,0,0,3398,2986,5.614215028,6.08365,0.446207238
X,202005,1/2/2020,6.74528,4,0,0,0,0,0,2,2.2,0,1,3416,2983,5.530065632,6.74528,0.574664364
X,202006,8/2/2020,6.81077,3,0,0,0,0,0,2.3,2.5,0,0,3430,2992,5.424623417,6.81077,1.058787651
X,202007,15/02/2020,6.12243,15,0,0,0,0,0,2.3,2.5,0,0,3428,2955,6.542166732,6.12243,0.707221577
X,202008,22/02/2020,5.53001,40,0,5,0,0,0,2.1,2.2,23,39,3443,2970,5.505270381,5.53001,0.406116089
X,202009,29/02/2020,5.14101,357,0,22,0,0,0,1.9,2,3201,3796,3442,2926,5.068948978,5.14101,0.857793622
X,202010,7/3/2020,5.28647,2461,0,36,0,0.1,0,1.8,1.9,24398,27895,3451,2894,5.109318654,5.28647,0.962019307
X,202011,14/03/2020,5.71772,21527,0,243,0,0.6,1964,2.2,2.2,150499,174695,3462,2821,4.897412338,5.71772,1.771578284
X,202012,21/03/2020,6.39665,98877,5265,1732,5804,2.9,11758,3.4,3.2,464958,562395,3462,2780,2.87369542,6.39665,2.137247045
X,202013,28/03/2020,4.93934,187963,27571,6449,53625,7.5,24247,6,4.7,719133,902776,3461,2694,1.54433609,4.93934,0.78984157
X,202014,4/4/2020,3.79067,217517,70659,12199,155995,9.2,20967,6.9,4.3,815922,1030793,3469,2647,0.917168179,3.79067,0.884476273
X,202015,11/4/2020,2.79479,200479,100809,13955,317380,8.9,21964,6.9,3.5,823874,1024159,3472,2644,0.568444857,2.79479,0.439622806
X,202016,18/04/2020,2.1138,211244,105069,13428,613274,9.6,18199,6.1,2.5,1272321,1481675,3460,2628,0.475053016,2.1138,0.528837661
X,202017,25/04/2020,1.73359,194523,71683,12641,1017337,9.1,24761,5,1.8,1428253,1621259,3458,2601,0.376868291,1.73359,0.658999186
X,202018,2/5/2020,1.43522,176774,72799,12581,1350209,8.4,19902,4.2,1.4,1703574,1878778,3448,2556,0.323814783,1.43522,0.511312056
X,202019,9/5/2020,1.17872,157736,76860,9724,1695557,7,11964,3.7,1.1,2191660,2349249,3447,2494,0.183616215,1.17872,0.346018316
X,202020,16/05/2020,1.09963,156017,66787,8272,2148939,5.9,16311,3,0.9,2572016,2727275,3446,2420,0.281720695,1.09963,0.296216445
X,202021,23/05/2020,0.968185,98860,42484,4418,1922294,3.8,22938,2.5,0.8,1724770,1822453,3441,2632,0.23061992,0.968185,0.709593015
Region 1,202001,4/1/2020,3.92411,0,0,0,0,0,0,2,1.8,0,0,203,263,5.942894164,3.92411,0.460897023
Region 1,202002,11/1/2020,3.70127,0,0,0,0,0,0,2,1.8,0,0,203,270,6.23235368,3.70127,0.42342874
Region 1,202003,18/01/2020,4.4928,0,0,0,0,0,0,1.7,1.6,0,0,202,268,6.085669863,4.4928,0.484874174
Region 1,202004,25/01/2020,5.30744,1,0,0,0,0,0,1.8,1.8,0,0,202,265,5.887620286,5.30744,0.446207238
Region 1,202005,1/2/2020,6.43852,0,0,0,0,0,0,2,2.1,0,0,202,267,5.843657343,6.43852,0.574664364
Region 1,202006,8/2/2020,7.15259,0,0,0,0,0,0,2.2,2.4,0,0,202,266,5.665169647,7.15259,1.058787651
Region 1,202007,15/02/2020,6.45158,0,0,0,0,0,0,2.2,2.5,0,0,202,265,7.679651263,6.45158,0.707221577
Region 1,202008,22/02/2020,5.68763,0,0,0,0,0,0,2,2.1,0,0,202,267,5.352250773,5.68763,0.406116089
Region 1,202009,29/02/2020,4.60942,20,0,0,0,0,0,1.7,1.7,65,67,202,259,4.897372406,4.60942,0.857793622
Region 1,202010,7/3/2020,4.29197,172,0,0,0,2.39E-07,0,1.6,1.4,882,956,202,262,5.623842628,4.29197,0.962019307
Region 1,202011,14/03/2020,4.8414,805,0,13,0,1.44E-06,61,1.8,1.8,11126,11905,199,244,4.772731164,4.8414,1.771578284
Region 1,202012,21/03/2020,5.8902,5658,27,101,83,1.08E-05,337,3.1,2.7,38723,44177,198,243,2.75585245,5.8902,2.137247045
Region 1,202013,28/03/2020,4.81145,12700,100,409,1219,4.45E-05,1180,6,3.9,47016,59923,199,233,1.932028814,4.81145,0.78984157
Region 1,202014,4/4/2020,4.35143,19619,295,1039,3081,8.42E-05,1227,7.4,3.4,56230,75862,198,231,1.29226471,4.35143,0.884476273
Region 1,202015,11/4/2020,3.3851,22430,4423,1714,5753,9.07E-05,1905,9.1,3.1,74392,97295,198,227,0.548172759,3.3851,0.439622806
Region 1,202016,18/04/2020,3.06329,27280,7802,1838,9288,9.04E-05,1470,9.4,2.5,87895,114754,193,233,0.577880855,3.06329,0.528837661
Region 1,202017,25/04/2020,2.10629,20621,7738,1566,22399,7.42E-05,9643,9,2,105340,125393,192,218,0.527918831,2.10629,0.658999186
Region 1,202018,2/5/2020,1.6573,16750,6851,1759,54342,6.39E-05,3101,8.1,1.5,116340,133504,192,216,0.407000907,1.6573,0.511312056
Region 1,202019,9/5/2020,1.33557,14152,6113,1387,67353,4.83E-05,2689,6.6,1,134417,148542,192,216,0.19968495,1.33557,0.346018316
Region 1,202020,16/05/2020,1.21178,12484,5185,1100,76875,3.76E-05,2663,5.2,0.9,160464,173034,191,214,0.365377415,1.21178,0.296216445
Region 1,202021,23/05/2020,0.925433,5808,3160,590,64332,2.23E-05,468,3.9,0.8,91014,96719,190,214,0.103337916,0.925433,0.709593015
Region 2,202001,4/1/2020,6.8076,0,0,0,0,0,0,2.7,2.9,0,0,195,258,5.62669557,6.8076,0.460897023
Region 2,202002,11/1/2020,6.21355,0,0,0,0,0,0,2.6,2.7,0,0,195,260,5.725419793,6.21355,0.42342874
Region 2,202003,18/01/2020,6.82351,0,0,0,0,0,0,2,2.2,0,0,195,263,5.662801324,6.82351,0.484874174
Region 2,202004,25/01/2020,7.61632,0,0,0,0,0,0,2.1,2.4,0,0,195,258,5.554024905,7.61632,0.446207238
Region 2,202005,1/2/2020,7.84756,0,0,0,0,0,0,2.4,2.7,0,0,195,262,5.590070829,7.84756,0.574664364
Region 2,202006,8/2/2020,7.88496,0,0,0,0,0,0,2.5,2.9,0,0,195,268,5.601160998,7.88496,1.058787651
Region 2,202007,15/02/2020,6.82339,0,0,0,0,0,0,2.4,2.8,0,0,195,255,6.219040908,6.82339,0.707221577
Region 2,202008,22/02/2020,5.85003,0,0,0,0,0,0,2,2.3,0,0,195,256,5.349708981,5.85003,0.406116089
Region 2,202009,29/02/2020,5.02494,93,0,0,0,0,0,1.8,1.9,44,117,195,254,5.010142807,5.02494,0.857793622
Region 2,202010,7/3/2020,5.5456,592,0,1,0,6.87E-07,0,1.6,1.7,2784,3278,195,255,5.770300452,5.5456,0.962019307
Region 2,202011,14/03/2020,7.58882,11022,0,59,0,4.12E-06,1603,2.2,2.2,32499,43613,195,251,5.65661184,7.58882,1.771578284
Region 2,202012,21/03/2020,11.1997,52933,4628,808,4771,1.51E-05,10451,4.4,4.1,87733,139508,195,238,4.085733075,11.1997,2.137247045
Region 2,202013,28/03/2020,11.9342,85447,21374,3543,45821,4.39E-05,19329,9.5,7.6,88225,172629,195,220,3.026396789,11.9342,0.78984157
Region 2,202014,4/4/2020,10.5281,91054,41124,6400,118019,6.11E-05,20417,14,9.1,111530,202322,195,235,1.789912529,10.5281,0.884476273
Region 2,202015,11/4/2020,7.83263,80821,49800,6624,201329,4.60E-05,16405,15.9,8.1,118443,197988,194,238,1.103356076,7.83263,0.439622806
Region 2,202016,18/04/2020,5.2178,70462,48877,5030,298147,3.71E-05,13426.5,14.5,5.7,162975,232491,195,242,0.864028889,5.2178,0.528837661
Region 2,202017,25/04/2020,3.50915,49427,17445,4190,452414,3.78E-05,9947.75,11.2,3.7,181330,230369,195,236,0.762574985,3.50915,0.658999186
Region 2,202018,2/5/2020,2.54707,33753,19092,3736,510421,3.02E-05,7234.625,7.8,2.1,204180,237695,194,232,0.535132863,2.54707,0.511312056
Region 2,202019,9/5/2020,1.92457,22621,24547,2342,532312,2.95E-05,5037.1875,5.8,1.4,372023,395138,194,229,0.268884437,1.92457,0.346018316
Region 2,202020,16/05/2020,1.79208,19624,18995,1636,604557,3.71E-05,3780.40625,3.9,0.9,357295,377004,194,195,0.374108621,1.79208,0.296216445
Region 2,202021,23/05/2020,1.45992,11525,10298,760,449727,2.61E-05,1009,2.9,0.8,320606,332124,194,163,0.397251567,1.45992,0.709593015
Region 3,202001,4/1/2020,5.48181,0,0,0,0,0,0,2.2,2.1,0,0,338,421,5.906340029,5.48181,0.460897023
Region 3,202002,11/1/2020,4.40187,0,0,0,0,0,0,2,1.8,0,0,341,424,6.111125626,4.40187,0.42342874
Region 3,202003,18/01/2020,4.61257,0,0,0,0,0,0,1.5,1.3,0,0,339,426,6.043238972,4.61257,0.484874174
Region 3,202004,25/01/2020,5.28306,0,0,0,0,0,0,1.5,1.4,0,0,341,420,5.931633613,5.28306,0.446207238
Region 3,202005,1/2/2020,6.30302,0,0,0,0,0,0,1.6,1.6,0,0,344,425,5.802252873,6.30302,0.574664364
Region 3,202006,8/2/2020,6.49099,0,0,0,0,0,0,1.8,1.8,0,0,345,424,5.64344906,6.49099,1.058787651
Region 3,202007,15/02/2020,5.78865,0,0,0,0,0,0,1.7,1.9,0,0,342,423,7.135053612,5.78865,0.707221577
Region 3,202008,22/02/2020,5.27725,0,0,0,0,0,0,1.7,1.6,0,0,344,426,5.7038057,5.27725,0.406116089
Region 3,202009,29/02/2020,5.16024,9,0,0,0,0,0,1.5,1.4,40,45,345,420,5.37360682,5.16024,0.857793622
Region 3,202010,7/3/2020,5.13153,127,0,0,0,1.96E-07,0,1.5,1.4,435,547,344,417,5.155349175,5.13153,0.962019307
Region 3,202011,14/03/2020,6.09776,733,0,7,0,5.88E-07,26,1.7,1.6,6843,7570,354,416,4.849429994,6.09776,1.771578284
Region 3,202012,21/03/2020,6.81259,4382,0,56,168,3.92E-06,331,2.8,2.5,42405,46655,354,416,2.724500606,6.81259,2.137247045
Region 3,202013,28/03/2020,4.93763,12166,0,215,1728,1.53E-05,965.5,5.3,3.8,70682,82912,355,403,1.546364624,4.93763,0.78984157
Region 3,202014,4/4/2020,3.76818,20977,1412,640,5787,2.29E-05,3535.25,5.5,3.2,84058,104839,357,384,0.904789726,3.76818,0.884476273
Region 3,202015,11/4/2020,2.97819,19808,3780,881,16545,2.96E-05,4525.375,5.8,2.6,57063,76007,359,377,0.359928176,2.97819,0.439622806
Region 3,202016,18/04/2020,2.40347,21933,6493,1562,28754,3.65E-05,4090.3125,5.9,2.2,83403,104675,360,374,0.376468532,2.40347,0.528837661
Region 3,202017,25/04/2020,2.03206,24254,6942,1584,40456,3.86E-05,4821.09375,5.8,1.7,116727,138934,358,402,0.530082533,2.03206,0.658999186
Region 3,202018,2/5/2020,1.80352,22832,7521,1973,56728,3.68E-05,4083.453125,5.5,1.5,109257,131504,360,392,0.473865805,1.80352,0.511312056
Region 3,202019,9/5/2020,1.44871,21832,6879,1373,75193,3.33E-05,2983.773438,5.2,1.2,141954,163502,361,384,0.197779212,1.44871,0.346018316
Region 3,202020,16/05/2020,1.28841,21791,6597,1234,171856,2.94E-05,3449.113281,4.5,1,167150,188341,358,377,0.292497614,1.28841,0.296216445
Region 3,202021,23/05/2020,1.09859,14852,5052,690,289683,2.18E-05,1110,3.4,0.9,138423,152285,367,364,0.221039017,1.09859,0.709593015
Region 4,202001,4/1/2020,6.82022,0,0,0,0,0,0,3.1,3.4,0,0,871,567,5.149497123,6.82022,0.460897023
Region 4,202002,11/1/2020,5.20089,0,0,0,0,0,0,2.6,2.5,0,0,871,568,5.247826226,5.20089,0.42342874
Region 4,202003,18/01/2020,5.42356,0,0,0,0,0,0,2,1.9,0,0,871,569,5.13664548,5.42356,0.484874174
Region 4,202004,25/01/2020,6.44859,0,0,0,0,0,0,2,2.1,0,0,872,576,5.055703675,6.44859,0.446207238
Region 4,202005,1/2/2020,7.45896,0,0,0,0,0,0,2.2,2.2,0,0,876,566,5.091100621,7.45896,0.574664364
Region 4,202006,8/2/2020,7.30033,0,0,0,0,0,0,2.5,2.6,0,0,879,570,5.216209615,7.30033,1.058787651
Region 4,202007,15/02/2020,6.32153,0,0,0,0,0,0,2.5,2.6,0,0,880,564,5.739471738,6.32153,0.707221577
Region 4,202008,22/02/2020,5.3524,0,0,0,0,0,0,2.2,2.3,0,0,881,574,4.580741749,5.3524,0.406116089
Region 4,202009,29/02/2020,4.815,25,0,0,0,0,0,2.1,2,81,101,881,566,4.65099465,4.815,0.857793622
Region 4,202010,7/3/2020,5.39357,222,0,4,0,7.86E-07,0,2,1.9,983,1194,882,560,5.268085355,5.39357,0.962019307
Region 4,202011,14/03/2020,5.82752,2092,0,26,0,4.21E-06,158,2.5,2.3,19092,21045,885,538,5.841754584,5.82752,1.771578284
Region 4,202012,21/03/2020,5.94201,8923,0,140,0,1.59E-05,1511,3.6,3.2,71389,79836,885,534,3.301044753,5.94201,2.137247045
Region 4,202013,28/03/2020,4.26474,18238,0,444,1142,3.23E-05,2586.5,5.5,4.4,139494,157634,884,531,1.65283579,4.26474,0.78984157
Region 4,202014,4/4/2020,3.05897,21994,210,787,6089,2.63E-05,4026.25,5.7,3.7,166886,188921,885,515,1.11425061,3.05897,0.884476273
Region 4,202015,11/4/2020,1.96539,19418,2220,889,24160,1.81E-05,3849.875,5,2.8,169066,189491,888,508,0.59674352,1.96539,0.439622806
Region 4,202016,18/04/2020,1.58503,20693,2158,957,56975,1.83E-05,3271.0625,4.1,2.1,263801,284797,888,501,0.436741725,1.58503,0.528837661
Region 4,202017,25/04/2020,1.18107,21430,2246,1040,84787,1.62E-05,3491.96875,3.3,1.5,267502,289451,885,487,0.403501481,1.18107,0.658999186
Region 4,202018,2/5/2020,0.948682,20547,2299,1125,116513,1.51E-05,3396.015625,2.7,1.2,348039,368076,884,483,0.241694224,0.948682,0.511312056
Region 4,202019,9/5/2020,0.836618,21320,3278,878,211472,1.16E-05,3044.492188,2.4,1,411375,432675,886,482,0.217682794,0.836618,0.346018316
Region 4,202020,16/05/2020,0.823751,23982,3270,881,285160,8.38E-06,3126.253906,2,0.8,631178,655109,884,475,0.343867426,0.823751,0.296216445
Region 4,202021,23/05/2020,1.01075,16335,1138,577,271365,5.49E-06,1438,1.8,0.8,308864,323984,884,787,0.280831536,1.01075,0.709593015
Region 5,202001,4/1/2020,3.50731,0,0,0,0,0,0,2.8,3,0,0,700,412,6.381729504,3.50731,0.460897023
Region 5,202002,11/1/2020,2.93762,0,0,0,0,0,0,2.5,2.5,0,0,705,414,6.618827736,2.93762,0.42342874
Region 5,202003,18/01/2020,3.08402,1,0,0,0,0,0,1.8,1.9,0,0,705,414,6.597991181,3.08402,0.484874174
Region 5,202004,25/01/2020,4.19632,1,0,0,0,0,0,1.8,2,0,0,707,419,6.416659375,4.19632,0.446207238
Region 5,202005,1/2/2020,5.01196,1,0,0,0,0,0,1.9,2.3,0,0,715,412,6.222341355,5.01196,0.574664364
Region 5,202006,8/2/2020,5.54554,0,0,0,0,0,0,2.2,2.8,0,0,715,415,6.052827873,5.54554,1.058787651
Region 5,202007,15/02/2020,5.25072,0,0,0,0,0,0,2.1,2.8,0,0,714,411,7.804318894,5.25072,0.707221577
Region 5,202008,22/02/2020,4.70998,1,0,0,0,0,0,2,2.5,0,0,714,404,6.493808408,4.70998,0.406116089
Region 5,202009,29/02/2020,4.4891,5,0,0,0,0,0,1.8,2.3,111,233,715,401,5.510000346,4.4891,0.857793622
Region 5,202010,7/3/2020,4.29896,179,0,0,0,3.80E-07,0,1.7,2.1,1364,2537,716,405,5.250751253,4.29896,0.962019307
Region 5,202011,14/03/2020,4.60886,2142,0,23,0,9.65E-07,59,1.8,2.2,16950,21728,714,389,5.205260464,4.60886,1.771578284
Region 5,202012,21/03/2020,4.59852,9971,0,190,512,1.22E-05,343,2.9,3,74679,85437,713,391,3.150197717,4.59852,2.137247045
Region 5,202013,28/03/2020,3.12066,22952,197,868,771,3.84E-05,1373,5.5,4.5,90429,110895,714,371,1.365202795,3.12066,0.78984157
Region 5,202014,4/4/2020,2.22905,26106,16837,1766,4930,5.58E-05,8691,6.4,3.8,96623,120700,714,364,0.681447583,2.22905,0.884476273
Region 5,202015,11/4/2020,1.76586,25793,25513,2048,12372,4.17E-05,5423,6.6,3.1,98600,124328,713,374,0.409513415,1.76586,0.439622806
Region 5,202016,18/04/2020,1.4506,30924,23811,2259,36200,4.06E-05,6462,5.9,2.3,160497,191366,711,370,0.346792627,1.4506,0.528837661
Region 5,202017,25/04/2020,1.54732,36472,21804,2404,88248,3.12E-05,5276,5.3,1.8,220827,256962,710,367,0.298883822,1.54732,0.658999186
Region 5,202018,2/5/2020,1.48055,36859,22322,2094,177690,3.27E-05,9864,4.9,1.6,289739,326508,713,357,0.225322665,1.48055,0.511312056
Region 5,202019,9/5/2020,1.21522,34419,20891,1870,260241,2.30E-05,4661.5,4.6,1.3,353122,386994,711,307,0.179659313,1.21522,0.346018316
Region 5,202020,16/05/2020,1.27273,34499,18612,1758,339436,1.84E-05,5211.75,3.9,1.1,447984,481853,713,302,0.149620708,1.27273,0.296216445
Region 5,202021,23/05/2020,0.892213,19715,12654,971,291104,6.84E-06,880,3.3,0.9,291774,311333,711,268,0.11620982,0.892213,0.709593015
Region 6,202001,4/1/2020,9.9767,0,0,0,0,0,0,2.7,2.9,0,0,350,297,5.484062301,9.9767,0.460897023
Region 6,202002,11/1/2020,8.8427,0,0,0,0,0,0,2.2,2.2,0,0,349,308,5.59970865,8.8427,0.42342874
Region 6,202003,18/01/2020,9.68527,0,0,0,0,0,0,1.7,1.7,0,0,350,305,5.62061704,9.68527,0.484874174
Region 6,202004,25/01/2020,9.86534,0,0,0,0,0,0,1.6,1.7,0,0,353,308,5.564430948,9.86534,0.446207238
Region 6,202005,1/2/2020,10.6916,0,0,0,0,0,0,1.8,2.1,0,0,352,309,5.415148929,10.6916,0.574664364
Region 6,202006,8/2/2020,10.3457,2,0,0,0,0,0,2,2.2,0,0,358,308,5.22040594,10.3457,1.058787651
Region 6,202007,15/02/2020,9.39994,2,0,0,0,0,0,2,2.2,0,0,359,303,6.177940393,9.39994,0.707221577
Region 6,202008,22/02/2020,8.71195,7,0,0,0,0,0,1.9,2,0,0,365,304,5.725158989,8.71195,0.406116089
Region 6,202009,29/02/2020,8.02462,9,0,0,0,0,0,1.9,1.9,32,39,367,297,5.283500488,8.02462,0.857793622
Region 6,202010,7/3/2020,7.83313,152,0,0,0,9.82E-08,0,1.7,1.7,393,512,370,295,4.668738836,7.83313,0.962019307
Region 6,202011,14/03/2020,7.18963,1366,0,22,0,1.96E-07,10,2,2,12849,13833,370,291,4.246690995,7.18963,1.771578284
Region 6,202012,21/03/2020,8.2559,4929,0,163,67,7.36E-07,1043,3.1,2.8,45072,50299,371,279,2.79641853,8.2559,2.137247045
Region 6,202013,28/03/2020,5.727,15044,551,395,1089,1.08E-06,1754.5,5.2,4,71401,86065,371,276,1.545694909,5.727,0.78984157
Region 6,202014,4/4/2020,4.16908,15981,833,617,11027,1.47E-06,3023.75,5.8,3.8,119253,135010,372,267,0.863856986,4.16908,0.884476273
Region 6,202015,11/4/2020,3.15313,11160,1050,751,36457,2.06E-06,2284.125,5.1,2.7,112646,123746,372,273,0.679458569,3.15313,0.439622806
Region 6,202016,18/04/2020,2.30082,11177,1044,645,133983,1.77E-06,2734.9375,4.5,2.1,126968,137588,372,269,0.414728375,2.30082,0.528837661
Region 6,202017,25/04/2020,2.16473,11742,876,647,238190,2.50E-06,2730.53125,3.4,1.4,183826,195396,372,262,0.14841345,2.16473,0.658999186
Region 6,202018,2/5/2020,1.61184,11783,685,616,305535,2.41E-06,2388.234375,2.8,1.2,204460,216249,360,253,0.230580578,1.61184,0.511312056
Region 6,202019,9/5/2020,1.37436,14357,635,568,379012,2.60E-06,1995.882813,2.6,1,257466,271872,359,262,0.170090306,1.37436,0.346018316
Region 6,202020,16/05/2020,1.27499,13370,537,477,459661,1.62E-06,1998.058594,2.2,0.9,258351,271504,353,256,0.18869765,1.27499,0.296216445
Region 6,202021,23/05/2020,1.1602,8766,388,216,381509,0,242,2,0.9,203082,211805,348,282,0.295027841,1.1602,0.709593015
Region 7,202001,4/1/2020,4.81526,0,0,0,0,0,0,3.5,3.7,0,0,231,130,7.543903473,4.81526,0.460897023
Region 7,202002,11/1/2020,3.57077,0,0,0,0,0,0,3.1,3.1,0,0,239,129,7.847997729,3.57077,0.42342874
Region 7,202003,18/01/2020,5.2512,0,0,0,0,0,0,2.4,2.4,0,0,234,129,7.87468288,5.2512,0.484874174
Region 7,202004,25/01/2020,6.07977,0,0,0,0,0,0,2.3,2.5,0,0,236,129,7.740784511,6.07977,0.446207238
Region 7,202005,1/2/2020,6.87522,0,0,0,0,0,0,2.2,2.5,0,0,241,128,7.350479644,6.87522,0.574664364
Region 7,202006,8/2/2020,7.25331,0,0,0,0,0,0,2.5,2.9,0,0,244,129,6.905572601,7.25331,1.058787651
Region 7,202007,15/02/2020,6.36516,11,0,0,0,0,0,2.7,3.1,0,0,242,128,9.368469008,6.36516,0.707221577
Region 7,202008,22/02/2020,5.90277,2,0,0,0,0,0,2.9,3.3,0,0,244,129,8.008108638,5.90277,0.406116089
Region 7,202009,29/02/2020,6.73512,3,0,0,0,0,0,2.8,3.1,7,8,244,127,7.071292662,6.73512,0.857793622
Region 7,202010,7/3/2020,6.99512,44,0,1,0,0,0,2.5,2.9,213,249,247,126,5.398955311,6.99512,0.962019307
Region 7,202011,14/03/2020,6.46503,219,0,1,0,1.79E-06,0,2.5,2.7,1566,1690,249,123,4.681037387,6.46503,1.771578284
Region 7,202012,21/03/2020,5.8964,1248,0,8,48,0,88,3.3,3.3,8128,8622,249,120,2.605315073,5.8964,2.137247045
Region 7,202013,28/03/2020,3.68978,2591,0,31,613,1.79E-06,237,4.9,4.4,11442,12592,251,117,1.084932817,3.68978,0.78984157
Region 7,202014,4/4/2020,1.95099,3416,110,65,2811,1.52E-05,161,4.5,3.6,14590,16263,253,117,0.491790238,1.95099,0.884476273
Region 7,202015,11/4/2020,1.36554,3662,532,78,6153,3.70E-05,90,3.6,2.5,12877,14840,253,116,0.279181216,1.36554,0.439622806
Region 7,202016,18/04/2020,1.14482,6727,672,96,9946,5.40E-05,91,2.8,1.8,20094,25222,251,113,0.319849642,1.14482,0.528837661
Region 7,202017,25/04/2020,0.852676,9067,770,101,18369,4.04E-05,67,2.4,1.4,23461,31117,251,113,0.104922818,0.852676,0.658999186
Region 7,202018,2/5/2020,1.20854,9574,1055,122,30344,1.70E-05,94,2.1,1.2,45718,53746,251,111,0.125034486,1.20854,0.511312056
Region 7,202019,9/5/2020,0.55951,6837,1139,136,44547,1.18E-05,89,2,0.9,47752,53485,251,106,0.137635266,0.55951,0.346018316
Region 7,202020,16/05/2020,0.561663,6527,856,139,61264,5.13E-06,63,1.8,0.8,56960,62487,252,105,0.160180607,0.561663,0.296216445
Region 7,202021,23/05/2020,0.381907,4332,568,96,51400,0,35,1.5,0.8,36671,40044,250,93,0.060277066,0.381907,0.709593015
Region 8,202001,4/1/2020,5.83864,0,0,0,0,0,0,2.4,2.5,0,0,157,227,4.754306892,5.83864,0.460897023
Region 8,202002,11/1/2020,5.22858,0,0,0,0,0,0,2,2.1,0,0,160,228,4.848776777,5.22858,0.42342874
Region 8,202003,18/01/2020,5.59314,0,0,0,0,0,0,2,1.9,0,0,160,223,4.841788769,5.59314,0.484874174
Region 8,202004,25/01/2020,6.53231,0,0,0,0,0,0,1.8,2,0,0,159,222,4.774984932,6.53231,0.446207238
Region 8,202005,1/2/2020,6.83166,0,0,0,0,0,0,2.1,2.3,0,0,160,224,4.697887948,6.83166,0.574664364
Region 8,202006,8/2/2020,6.7038,0,0,0,0,0,0,2.4,2.6,0,0,160,225,4.608096033,6.7038,1.058787651
Region 8,202007,15/02/2020,5.85173,0,0,0,0,0,0,2.3,2.4,0,0,164,221,5.321126202,5.85173,0.707221577
Region 8,202008,22/02/2020,5.45336,1,0,0,0,0,0,2.1,2.3,0,0,164,225,4.80684873,5.45336,0.406116089
Region 8,202009,29/02/2020,4.99505,10,0,0,0,0,0,2.2,2.4,36,44,161,224,4.440965749,4.99505,0.857793622
Region 8,202010,7/3/2020,5.23517,132,0,1,0,3.32E-07,0,2.1,2.2,1007,1121,163,211,4.312403026,5.23517,0.962019307
Region 8,202011,14/03/2020,6.30264,565,0,7,0,2.70E-06,47,2.3,2.4,7313,7827,163,215,4.159136458,6.30264,1.771578284
Region 8,202012,21/03/2020,6.21989,2353,0,37,148,1.81E-05,222,4.1,3.7,29230,32000,162,215,2.791024998,6.21989,2.137247045
Region 8,202013,28/03/2020,3.98837,3806,0,103,840,4.94E-05,1156,6.2,4.7,43495,48565,160,207,1.275001944,3.98837,0.78984157
Region 8,202014,4/4/2020,2.93837,3873,0,242,2142,5.79E-05,895.5,6.6,3.9,46889,52332,161,209,0.656829807,2.93837,0.884476273
Region 8,202015,11/4/2020,2.06874,4542,0,219,6487,5.34E-05,1288.25,6.5,3.2,40291,46241,162,207,0.278741465,2.06874,0.439622806
Region 8,202016,18/04/2020,1.36111,5503,0,412,19246,5.19E-05,1263.375,5.3,2.3,62751,69206,160,198,0.312273691,1.36111,0.528837661
Region 8,202017,25/04/2020,1.2393,5087,0,253,45152,4.53E-05,1205.3125,4.4,1.7,72978,79859,162,197,0.084530329,1.2393,0.658999186
Region 8,202018,2/5/2020,0.894911,5466,0,303,58175,3.08E-05,1554.84375,4,1.4,83845,90732,162,201,0.093599162,0.894911,0.511312056
Region 8,202019,9/5/2020,0.794799,4350,0,336,72868,2.64E-05,934.578125,3.6,1,92827,98248,161,199,0.073153615,0.794799,0.346018316
Region 8,202020,16/05/2020,0.725012,4629,0,301,89452,1.93E-05,1283.710938,3.1,1,94923,100376,165,198,0.182268106,0.725012,0.296216445
Region 8,202021,23/05/2020,0.623242,2390,0,120,74202,1.60E-05,224,2.8,0.8,63028,66392,165,195,0.063045166,0.623242,0.709593015
Region 9,202001,4/1/2020,4.60219,0,0,0,0,0,0,2.8,3,0,0,140,214,5.769920383,4.60219,0.460897023
Region 9,202002,11/1/2020,3.84239,0,0,0,0,0,0,2.7,2.7,0,0,138,214,5.920449905,3.84239,0.42342874
Region 9,202003,18/01/2020,4.1411,1,0,0,0,0,0,2.2,2.2,0,0,140,209,5.908393712,4.1411,0.484874174
Region 9,202004,25/01/2020,4.69436,3,0,0,0,0,0,2.1,2.4,0,0,140,212,5.778801104,4.69436,0.446207238
Region 9,202005,1/2/2020,4.73649,3,0,0,0,0,0,2.5,2.7,0,0,139,213,5.713555303,4.73649,0.574664364
Region 9,202006,8/2/2020,4.79174,1,0,0,0,0,0,2.7,2.9,0,0,139,209,5.528401893,4.79174,1.058787651
Region 9,202007,15/02/2020,4.45367,2,0,0,0,0,0,2.6,2.7,0,0,138,209,6.673097513,4.45367,0.707221577
Region 9,202008,22/02/2020,4.32721,19,0,0,0,0,0,2.6,2.6,0,0,138,211,5.848112747,4.32721,0.406116089
Region 9,202009,29/02/2020,3.99049,78,0,0,0,0,0,2.4,2.5,17,36,138,203,5.130838063,3.99049,0.857793622
Region 9,202010,7/3/2020,3.72736,307,0,5,0,1.58E-06,0,2.1,2.1,685,894,139,185,5.387326301,3.72736,0.962019307
Region 9,202011,14/03/2020,3.98567,1399,0,22,0,7.13E-06,0,2.5,2.4,12668,13891,139,179,4.602634841,3.98567,1.771578284
Region 9,202012,21/03/2020,4.5349,5263,610,99,0,1.66E-05,1034,3.5,3.2,22032,26662,140,174,2.070246652,4.5349,2.137247045
Region 9,202013,28/03/2020,3.46306,10497,5163,248,0,2.54E-05,1783,5.8,4.6,105334,114984,138,170,1.097464505,3.46306,0.78984157
Region 9,202014,4/4/2020,2.59843,10961,8255,445,0,2.85E-05,4626.5,5.8,3.9,69392,80313,138,160,0.710958752,2.59843,0.884476273
Region 9,202015,11/4/2020,1.98059,10640,11692,581,2172,2.85E-05,2763.75,5.5,3.3,93526,104126,138,160,0.637629571,1.98059,0.439622806
Region 9,202016,18/04/2020,1.49511,14235,12603,721,8509,2.61E-05,4487.125,4.7,2.4,249641,264289,137,164,0.62125074,1.49511,0.528837661
Region 9,202017,25/04/2020,1.26376,14098,12473,652,10940,1.82E-05,3306.4375,3.6,1.7,189574,203490,139,156,0.500583848,1.26376,0.658999186
Region 9,202018,2/5/2020,1.14842,16323,11838,738,14131,1.98E-05,3218.28125,3.4,1.5,249653,265330,139,151,0.564996833,1.14842,0.511312056
Region 9,202019,9/5/2020,1.01959,15544,12289,717,22627,1.90E-05,3501.359375,3,1.3,309572,325109,139,152,0.172964485,1.01959,0.346018316
Region 9,202020,16/05/2020,0.792753,17250,12114,667,28674,1.27E-05,3328.320313,2.7,1.1,385953,403233,140,141,0.465579444,0.792753,0.296216445
Region 9,202021,23/05/2020,0.795684,13457,8986,341,23345,7.92E-06,918,2.4,1,308619,321921,138,113,0.342499069,0.795684,0.709593015
Region 10,202001,4/1/2020,5.70858,0,0,0,0,0,0,2.5,2.9,0,0,194,175,4.877308296,5.70858,0.460897023
Region 10,202002,11/1/2020,4.09724,0,0,0,0,0,0,2.2,2.4,0,0,194,179,4.946022586,4.09724,0.42342874
Region 10,202003,18/01/2020,3.58253,1,0,0,0,0,0,1.7,1.6,0,0,196,178,4.88952316,3.58253,0.484874174
Region 10,202004,25/01/2020,3.8196,0,0,0,0,0,0,1.5,1.4,0,0,193,177,4.879409518,3.8196,0.446207238
Region 10,202005,1/2/2020,3.89226,0,0,0,0,0,0,1.5,1.5,0,1,192,177,4.885853438,3.89226,0.574664364
Region 10,202006,8/2/2020,3.51263,0,0,0,0,0,0,1.7,1.8,0,0,193,178,4.785732779,3.51263,1.058787651
Region 10,202007,15/02/2020,3.44896,0,0,0,0,0,0,1.7,1.6,0,0,192,176,5.289594035,3.44896,0.707221577
Region 10,202008,22/02/2020,3.59175,10,0,5,0,0,0,1.6,1.5,23,39,196,174,4.607026032,3.59175,0.406116089
Region 10,202009,29/02/2020,3.92614,105,0,22,0,0,0,1.7,1.6,1771,2013,194,175,4.828841307,3.92614,0.857793622
Region 10,202010,7/3/2020,5.59416,534,0,24,0,3.10E-07,0,1.9,1.7,15429,16369,193,178,4.918073037,5.59416,0.962019307
Region 10,202011,14/03/2020,5.81769,1184,0,63,0,1.55E-06,0,3.3,3.1,27560,29460,194,175,4.285129483,5.81769,1.771578284
Region 10,202012,21/03/2020,5.86867,3217,0,123,0,4.95E-06,142,5,4.2,36359,39607,195,170,2.641512951,5.86867,2.137247045
Region 10,202013,28/03/2020,4.34456,4522,174,164,0,1.21E-05,733,6.9,5.1,36966,41002,194,166,1.284489078,4.34456,0.78984157
Region 10,202014,4/4/2020,3.11345,3536,1569,166,0,1.27E-05,527,6.5,3.8,39044,41928,196,165,0.740263149,3.11345,0.884476273
Region 10,202015,11/4/2020,2.10689,2205,1787,146,843,8.67E-06,471,5.6,2.5,35704,38304,195,164,0.653544283,2.10689,0.439622806
Region 10,202016,18/04/2020,1.75622,2310,1601,93,4931,9.29E-06,390.5,4.2,1.8,42113,44463,193,164,0.627614105,1.75622,0.528837661
Region 10,202017,25/04/2020,1.70239,2325,1389,190,7558,8.36E-06,353.75,3.1,1.1,57551,59810,194,163,0.222449564,1.70239,0.658999186
Region 10,202018,2/5/2020,1.21783,2887,1136,103,16612,4.33E-06,345.625,2.6,1,49599,51878,193,160,0.183243747,1.21783,0.511312056
Region 10,202019,9/5/2020,1.15841,2304,1028,104,19707,2.79E-06,251.6875,2.2,0.9,53364,55459,193,157,0.127866737,1.15841,0.346018316
Region 10,202020,16/05/2020,1.11115,1861,501,74,21466,3.71E-06,282.15625,1.7,0.7,37887,38781,196,157,0.160606268,1.11115,0.296216445
Region 10,202021,23/05/2020,0.638817,1680,177,52,17873,3.10E-06,37,1.5,0.6,38674,40149,194,152,0.077012224,0.638817,0.709593015
