date,epiweek,region,fips,hospitalizedIncrease,death_jhu_cumulative,death_jhu_incidence
1/4/20,202001,X,US,0,0,0
1/11/20,202002,X,US,0,0,0
1/18/20,202003,X,US,0,0,0
1/25/20,202004,X,US,0,0,0
2/1/20,202005,X,US,0,0,0
2/8/20,202006,X,US,0,0,0
2/15/20,202007,X,US,0,0,0
2/22/20,202008,X,US,0,0,0
2/29/20,202009,X,US,0,1,1
3/7/20,202010,X,US,2,17,16
3/14/20,202011,X,US,20,58,41
3/21/20,202012,X,US,1994,464,406
3/28/20,202013,X,US,14244,2891,2427
4/4/20,202014,X,US,30564.5,10891,8000
4/11/20,202015,X,US,45540.25,25528,14637
4/18/20,202016,X,US,36485.375,40567,15039
4/25/20,202017,X,US,32629.8125,55986,15419
5/2/20,202018,X,US,36861.3438,69535,13549
5/9/20,202019,X,US,32316.8281,81817,12282
5/16/20,202020,X,US,22979.5859,91791,9974
5/23/20,202021,X,US,25971.207,100346,8555
5/30/20,202022,X,US,35022.3965,106983,6637
6/6/20,202023,X,US,20534.8018,113099,6116
6/13/20,202024,X,US,16503.5991,118313,5214
6/20/20,202025,X,US,16159.2004,122538,4225
6/27/20,202026,X,US,20168.8998,126478,3940
7/4/20,202027,X,US,23248.0501,130120,3642
7/11/20,202028,X,US,31982.9749,135351,5231
7/18/20,202029,X,US,31495.0125,140812,5461
7/25/20,202030,X,US,33747.4937,147226,6414
8/1/20,202031,X,US,33813.7531,155196,7970
8/8/20,202032,X,US,36241.1234,162466,7270
8/15/20,202033,X,US,27565.9383,169519,7053
8/22/20,202034,X,US,23108.5309,176376,6857
8/29/20,202035,X,US,20149.2346,182773,6397
9/5/20,202036,X,US,18278.3827,188602,5829
9/12/20,202037,X,US,16636.8086,193745,5143
9/19/20,202038,X,US,16591.5957,199339,5594
9/26/20,202039,X,US,16744.7022,204729,5390
10/3/20,202040,X,US,17671.6489,209636,4907
10/10/20,202041,X,US,21141.6755,214656,5020
10/17/20,202042,X,US,22299.6622,219676,5020
10/24/20,202043,X,US,37938.1689,225382,5706
10/31/20,202044,X,US,27903.4156,231125,5743
11/7/20,202045,X,US,33691.2922,238018,6893
11/14/20,202046,X,US,42258.3539,245598,7580
1/4/20,202001,AL,1,0,0,0
1/11/20,202002,AL,1,0,0,0
1/18/20,202003,AL,1,0,0,0
1/25/20,202004,AL,1,0,0,0
2/1/20,202005,AL,1,0,0,0
2/8/20,202006,AL,1,0,0,0
2/15/20,202007,AL,1,0,0,0
2/22/20,202008,AL,1,0,0,0
2/29/20,202009,AL,1,0,0,0
3/7/20,202010,AL,1,0,0,0
3/14/20,202011,AL,1,0,0,0
3/21/20,202012,AL,1,0,0,0
3/28/20,202013,AL,1,0,4,4
4/4/20,202014,AL,1,212,44,40
4/11/20,202015,AL,1,190,92,48
4/18/20,202016,AL,1,218,153,61
4/25/20,202017,AL,1,219,209,56
5/2/20,202018,AL,1,184,288,79
5/9/20,202019,AL,1,205,390,102
5/16/20,202020,AL,1,159,485,95
5/23/20,202021,AL,1,202,549,64
5/30/20,202022,AL,1,237,618,69
6/6/20,202023,AL,1,167,689,71
6/13/20,202024,AL,1,248,773,84
6/20/20,202025,AL,1,202,838,65
6/27/20,202026,AL,1,254,919,81
7/4/20,202027,AL,1,209,1007,88
7/11/20,202028,AL,1,3839,1114,107
7/18/20,202029,AL,1,1037,1286,172
7/25/20,202030,AL,1,1375,1456,170
8/1/20,202031,AL,1,1364,1603,147
8/8/20,202032,AL,1,1016,1755,152
8/15/20,202033,AL,1,1070,1896,141
8/22/20,202034,AL,1,895,2011,115
8/29/20,202035,AL,1,765,2152,141
9/5/20,202036,AL,1,647,2275,123
9/12/20,202037,AL,1,613,2350,75
9/19/20,202038,AL,1,700,2437,87
9/26/20,202039,AL,1,625,2501,64
10/3/20,202040,AL,1,568,2558,57
10/10/20,202041,AL,1,759,2664,106
10/17/20,202042,AL,1,676,2788,124
10/24/20,202043,AL,1,740,2866,78
10/31/20,202044,AL,1,855,2967,101
11/7/20,202045,AL,1,844,3082,115
11/14/20,202046,AL,1,981,3246,164
1/4/20,202001,AK,2,0,0,0
1/11/20,202002,AK,2,0,0,0
1/18/20,202003,AK,2,0,0,0
1/25/20,202004,AK,2,0,0,0
2/1/20,202005,AK,2,0,0,0
2/8/20,202006,AK,2,0,0,0
2/15/20,202007,AK,2,0,0,0
2/22/20,202008,AK,2,0,0,0
2/29/20,202009,AK,2,0,0,0
3/7/20,202010,AK,2,0,0,0
3/14/20,202011,AK,2,0,0,0
3/21/20,202012,AK,2,0,0,0
3/28/20,202013,AK,2,5,2,2
4/4/20,202014,AK,2,11,5,3
4/11/20,202015,AK,2,15,8,3
4/18/20,202016,AK,2,5,9,1
4/25/20,202017,AK,2,0,9,0
5/2/20,202018,AK,2,0,9,0
5/9/20,202019,AK,2,0,10,1
5/16/20,202020,AK,2,0,10,0
5/23/20,202021,AK,2,0,10,0
5/30/20,202022,AK,2,0,10,0
6/6/20,202023,AK,2,48,10,0
6/13/20,202024,AK,2,0,12,2
6/20/20,202025,AK,2,0,12,0
6/27/20,202026,AK,2,0,14,2
7/4/20,202027,AK,2,0,16,2
7/11/20,202028,AK,2,0,17,1
7/18/20,202029,AK,2,0,18,1
7/25/20,202030,AK,2,0,20,2
8/1/20,202031,AK,2,0,24,4
8/8/20,202032,AK,2,0,26,2
8/15/20,202033,AK,2,0,28,2
8/22/20,202034,AK,2,0,31,3
8/29/20,202035,AK,2,0,37,6
9/5/20,202036,AK,2,0,42,5
9/12/20,202037,AK,2,0,44,2
9/19/20,202038,AK,2,0,45,1
9/26/20,202039,AK,2,0,52,7
10/3/20,202040,AK,2,0,58,6
10/10/20,202041,AK,2,0,60,2
10/17/20,202042,AK,2,0,67,7
10/24/20,202043,AK,2,0,68,1
10/31/20,202044,AK,2,0,82,14
11/7/20,202045,AK,2,0,84,2
11/14/20,202046,AK,2,0,98,14
1/4/20,202001,AZ,4,0,0,0
1/11/20,202002,AZ,4,0,0,0
1/18/20,202003,AZ,4,0,0,0
1/25/20,202004,AZ,4,0,0,0
2/1/20,202005,AZ,4,0,0,0
2/8/20,202006,AZ,4,0,0,0
2/15/20,202007,AZ,4,0,0,0
2/22/20,202008,AZ,4,0,0,0
2/29/20,202009,AZ,4,0,0,0
3/7/20,202010,AZ,4,2,0,0
3/14/20,202011,AZ,4,20,0,0
3/21/20,202012,AZ,4,102,1,1
3/28/20,202013,AZ,4,258,15,14
4/4/20,202014,AZ,4,325,52,37
4/11/20,202015,AZ,4,326,117,65
4/18/20,202016,AZ,4,304,180,63
4/25/20,202017,AZ,4,331,273,93
5/2/20,202018,AZ,4,361,330,57
5/9/20,202019,AZ,4,353,532,202
5/16/20,202020,AZ,4,287,679,147
5/23/20,202021,AZ,4,311,801,122
5/30/20,202022,AZ,4,350,904,103
6/6/20,202023,AZ,4,443,1043,139
6/13/20,202024,AZ,4,338,1189,146
6/20/20,202025,AZ,4,137,1346,157
6/27/20,202026,AZ,4,343,1580,234
7/4/20,202027,AZ,4,473,1817,237
7/11/20,202028,AZ,4,682,2151,334
7/18/20,202029,AZ,4,817,2730,579
7/25/20,202030,AZ,4,1060,3286,556
8/1/20,202031,AZ,4,3719,3747,461
8/8/20,202032,AZ,4,7898,4137,390
8/15/20,202033,AZ,4,1551,4492,355
8/22/20,202034,AZ,4,516,4756,264
8/29/20,202035,AZ,4,214,5007,251
9/5/20,202036,AZ,4,115,5207,200
9/12/20,202037,AZ,4,258,5315,108
9/19/20,202038,AZ,4,113,5467,152
9/26/20,202039,AZ,4,129,5622,155
10/3/20,202040,AZ,4,275,5705,83
10/10/20,202041,AZ,4,265,5759,54
10/17/20,202042,AZ,4,389,5824,65
10/24/20,202043,AZ,4,425,5869,45
10/31/20,202044,AZ,4,449,5979,110
11/7/20,202045,AZ,4,678,6147,168
11/14/20,202046,AZ,4,767,6300,153
1/4/20,202001,AR,5,0,0,0
1/11/20,202002,AR,5,0,0,0
1/18/20,202003,AR,5,0,0,0
1/25/20,202004,AR,5,0,0,0
2/1/20,202005,AR,5,0,0,0
2/8/20,202006,AR,5,0,0,0
2/15/20,202007,AR,5,0,0,0
2/22/20,202008,AR,5,0,0,0
2/29/20,202009,AR,5,0,0,0
3/7/20,202010,AR,5,0,0,0
3/14/20,202011,AR,5,0,0,0
3/21/20,202012,AR,5,0,0,0
3/28/20,202013,AR,5,0,5,5
4/4/20,202014,AR,5,106,14,9
4/11/20,202015,AR,5,42,25,11
4/18/20,202016,AR,5,161,38,13
4/25/20,202017,AR,5,0,48,10
5/2/20,202018,AR,5,123,72,24
5/9/20,202019,AR,5,57,88,16
5/16/20,202020,AR,5,49,98,10
5/23/20,202021,AR,5,70,115,17
5/30/20,202022,AR,5,112,133,18
6/6/20,202023,AR,5,136,154,21
6/13/20,202024,AR,5,141,177,23
6/20/20,202025,AR,5,121,224,47
6/27/20,202026,AR,5,237,259,35
7/4/20,202027,AR,5,199,286,27
7/11/20,202028,AR,5,244,319,33
7/18/20,202029,AR,5,355,357,38
7/25/20,202030,AR,5,226,399,42
8/1/20,202031,AR,5,491,458,59
8/8/20,202032,AR,5,371,535,77
8/15/20,202033,AR,5,343,600,65
8/22/20,202034,AR,5,346,674,74
8/29/20,202035,AR,5,234,772,98
9/5/20,202036,AR,5,314,882,110
9/12/20,202037,AR,5,222,969,87
9/19/20,202038,AR,5,285,1181,212
9/26/20,202039,AR,5,239,1285,104
10/3/20,202040,AR,5,325,1407,122
10/10/20,202041,AR,5,373,1552,145
10/17/20,202042,AR,5,378,1684,132
10/24/20,202043,AR,5,429,1797,113
10/31/20,202044,AR,5,331,1925,128
11/7/20,202045,AR,5,377,2068,143
11/14/20,202046,AR,5,432,2159,91
1/4/20,202001,CA,6,0,0,0
1/11/20,202002,CA,6,0,0,0
1/18/20,202003,CA,6,0,0,0
1/25/20,202004,CA,6,0,0,0
2/1/20,202005,CA,6,0,0,0
2/8/20,202006,CA,6,0,0,0
2/15/20,202007,CA,6,0,0,0
2/22/20,202008,CA,6,0,0,0
2/29/20,202009,CA,6,0,0,0
3/7/20,202010,CA,6,0,1,1
3/14/20,202011,CA,6,0,3,2
3/21/20,202012,CA,6,0,25,22
3/28/20,202013,CA,6,1034,110,85
4/4/20,202014,CA,6,1783,289,179
4/11/20,202015,CA,6,4344.5,604,315
4/18/20,202016,CA,6,2763.75,1140,536
4/25/20,202017,CA,6,3465.125,1689,549
5/2/20,202018,CA,6,2989.4375,2180,491
5/9/20,202019,CA,6,3043.28125,2687,507
5/16/20,202020,CA,6,2902.359375,3208,521
5/23/20,202021,CA,6,2890.820313,3737,529
5/30/20,202022,CA,6,2769.589844,4144,407
6/6/20,202023,CA,6,3141.205078,4607,463
6/13/20,202024,CA,6,2840.397461,5076,469
6/20/20,202025,CA,6,3161.80127,5494,418
6/27/20,202026,CA,6,4209.099365,5899,405
7/4/20,202027,CA,6,4987.450317,6334,435
7/11/20,202028,CA,6,5410.274841,7027,693
7/18/20,202029,CA,6,5796.862579,7702,675
7/25/20,202030,CA,6,5921.56871,8408,706
8/1/20,202031,CA,6,4793.215645,9345,937
8/8/20,202032,CA,6,4559.392178,10307,962
8/15/20,202033,CA,6,4047.303911,11218,911
8/22/20,202034,CA,6,3849.348044,12131,913
8/29/20,202035,CA,6,3138.325978,12894,763
9/5/20,202036,CA,6,2672.837011,13709,815
9/12/20,202037,CA,6,2511.581494,14327,618
9/19/20,202038,CA,6,2254.209253,15018,691
9/26/20,202039,CA,6,2075.895374,15583,565
10/3/20,202040,CA,6,2041.052313,16115,532
10/10/20,202041,CA,6,2063.473843,16567,452
10/17/20,202042,CA,6,1963.263078,16956,389
10/24/20,202043,CA,6,2025.368461,17343,387
10/31/20,202044,CA,6,2199.31577,17659,316
11/7/20,202045,CA,6,2356.342115,17961,302
11/14/20,202046,CA,6,3033.828942,18253,292
1/4/20,202001,CO,8,0,0,0
1/11/20,202002,CO,8,0,0,0
1/18/20,202003,CO,8,0,0,0
1/25/20,202004,CO,8,0,0,0
2/1/20,202005,CO,8,0,0,0
2/8/20,202006,CO,8,0,0,0
2/15/20,202007,CO,8,0,0,0
2/22/20,202008,CO,8,0,0,0
2/29/20,202009,CO,8,0,0,0
3/7/20,202010,CO,8,0,0,0
3/14/20,202011,CO,8,0,2,2
3/21/20,202012,CO,8,44,6,4
3/28/20,202013,CO,8,195,44,38
4/4/20,202014,CO,8,584,126,82
4/11/20,202015,CO,8,489,274,148
4/18/20,202016,CO,8,443,411,137
4/25/20,202017,CO,8,611,684,273
5/2/20,202018,CO,8,381,832,148
5/9/20,202019,CO,8,853,967,135
5/16/20,202020,CO,8,268,1192,225
5/23/20,202021,CO,8,240,1327,135
5/30/20,202022,CO,8,225,1443,116
6/6/20,202023,CO,8,165,1527,84
6/13/20,202024,CO,8,762,1597,70
6/20/20,202025,CO,8,84,1647,50
6/27/20,202026,CO,8,74,1674,27
7/4/20,202027,CO,8,145,1701,27
7/11/20,202028,CO,8,327,1725,24
7/18/20,202029,CO,8,143,1752,27
7/25/20,202030,CO,8,233,1794,42
8/1/20,202031,CO,8,214,1844,50
8/8/20,202032,CO,8,141,1857,13
8/15/20,202033,CO,8,136,1896,39
8/22/20,202034,CO,8,90,1918,22
8/29/20,202035,CO,8,137,1942,24
9/5/20,202036,CO,8,180,1971,29
9/12/20,202037,CO,8,83,1988,17
9/19/20,202038,CO,8,139,2013,25
9/26/20,202039,CO,8,132,2040,27
10/3/20,202040,CO,8,174,2060,20
10/10/20,202041,CO,8,202,2112,52
10/17/20,202042,CO,8,314,2176,64
10/24/20,202043,CO,8,388,2218,42
10/31/20,202044,CO,8,474,2285,67
11/7/20,202045,CO,8,880,2389,104
11/14/20,202046,CO,8,950,2525,136
1/4/20,202001,CT,9,0,0,0
1/11/20,202002,CT,9,0,0,0
1/18/20,202003,CT,9,0,0,0
1/25/20,202004,CT,9,0,0,0
2/1/20,202005,CT,9,0,0,0
2/8/20,202006,CT,9,0,0,0
2/15/20,202007,CT,9,0,0,0
2/22/20,202008,CT,9,0,0,0
2/29/20,202009,CT,9,0,0,0
3/7/20,202010,CT,9,0,0,0
3/14/20,202011,CT,9,0,0,0
3/21/20,202012,CT,9,0,4,4
3/28/20,202013,CT,9,0,33,29
4/4/20,202014,CT,9,0,165,132
4/11/20,202015,CT,9,0,494,329
4/18/20,202016,CT,9,0,1086,592
4/25/20,202017,CT,9,0,1865,779
5/2/20,202018,CT,9,7758,2436,571
5/9/20,202019,CT,9,1631,2932,496
5/16/20,202020,CT,9,1557,3339,407
5/23/20,202021,CT,9,1592,3675,336
5/30/20,202022,CT,9,0,3912,237
6/6/20,202023,CT,9,1255,4055,143
6/13/20,202024,CT,9,243,4186,131
6/20/20,202025,CT,9,187,4251,65
6/27/20,202026,CT,9,169,4311,60
7/4/20,202027,CT,9,143,4335,24
7/11/20,202028,CT,9,141,4348,13
7/18/20,202029,CT,9,102,4396,48
7/25/20,202030,CT,9,58,4413,17
8/1/20,202031,CT,9,95,4432,19
8/8/20,202032,CT,9,113,4441,9
8/15/20,202033,CT,9,95,4453,12
8/22/20,202034,CT,9,72,4460,7
8/29/20,202035,CT,9,93,4465,5
9/5/20,202036,CT,9,95,4468,3
9/12/20,202037,CT,9,82,4480,12
9/19/20,202038,CT,9,90,4492,12
9/26/20,202039,CT,9,113,4501,9
10/3/20,202040,CT,9,139,4513,12
10/10/20,202041,CT,9,146,4530,17
10/17/20,202042,CT,9,198,4542,12
10/24/20,202043,CT,9,214,4577,35
10/31/20,202044,CT,9,0,4616,39
11/7/20,202045,CT,9,0,4671,55
11/14/20,202046,CT,9,0,4737,66
1/4/20,202001,DE,10,0,0,0
1/11/20,202002,DE,10,0,0,0
1/18/20,202003,DE,10,0,0,0
1/25/20,202004,DE,10,0,0,0
2/1/20,202005,DE,10,0,0,0
2/8/20,202006,DE,10,0,0,0
2/15/20,202007,DE,10,0,0,0
2/22/20,202008,DE,10,0,0,0
2/29/20,202009,DE,10,0,0,0
3/7/20,202010,DE,10,0,0,0
3/14/20,202011,DE,10,0,0,0
3/21/20,202012,DE,10,0,0,0
3/28/20,202013,DE,10,31,5,5
4/4/20,202014,DE,10,79.5,14,9
4/11/20,202015,DE,10,150.25,33,19
4/18/20,202016,DE,10,148.875,67,34
4/25/20,202017,DE,10,225.5625,112,45
5/2/20,202018,DE,10,187.21875,168,56
5/9/20,202019,DE,10,194.390625,221,53
5/16/20,202020,DE,10,152.8046875,286,65
5/23/20,202021,DE,10,133.5976563,322,36
5/30/20,202022,DE,10,107.2011719,361,39
6/6/20,202023,DE,10,63.39941406,390,29
6/13/20,202024,DE,10,61.30029297,419,29
6/20/20,202025,DE,10,44.34985352,434,15
6/27/20,202026,DE,10,60.82507324,507,73
7/4/20,202027,DE,10,23.58746338,512,5
7/11/20,202028,DE,10,53.20626831,517,5
7/18/20,202029,DE,10,24.39686584,523,6
7/25/20,202030,DE,10,42.80156708,579,56
8/1/20,202031,DE,10,23.59921646,585,6
8/8/20,202032,DE,10,24.20039177,590,5
8/15/20,202033,DE,10,19.89980412,593,3
8/22/20,202034,DE,10,34.05009794,600,7
8/29/20,202035,DE,10,43.97495103,604,4
9/5/20,202036,DE,10,36.01252449,608,4
9/12/20,202037,DE,10,47.99373776,613,5
9/19/20,202038,DE,10,29.00313112,621,8
9/26/20,202039,DE,10,42.49843444,633,12
10/3/20,202040,DE,10,61.75078278,645,12
10/10/20,202041,DE,10,72.12460861,653,8
10/17/20,202042,DE,10,64.9376957,664,11
10/24/20,202043,DE,10,70.53115215,680,16
10/31/20,202044,DE,10,53.73442392,708,28
11/7/20,202045,DE,10,88.13278804,716,8
11/14/20,202046,DE,10,87.93360598,736,20
1/4/20,202001,DC,11,0,0,0
1/11/20,202002,DC,11,0,0,0
1/18/20,202003,DC,11,0,0,0
1/25/20,202004,DC,11,0,0,0
2/1/20,202005,DC,11,0,0,0
2/8/20,202006,DC,11,0,0,0
2/15/20,202007,DC,11,0,0,0
2/22/20,202008,DC,11,0,0,0
2/29/20,202009,DC,11,0,0,0
3/7/20,202010,DC,11,0,0,0
3/14/20,202011,DC,11,0,0,0
3/21/20,202012,DC,11,0,0,0
3/28/20,202013,DC,11,0,4,4
4/4/20,202014,DC,11,0,21,17
4/11/20,202015,DC,11,0,47,26
4/18/20,202016,DC,11,313,91,44
4/25/20,202017,DC,11,245.5,165,74
5/2/20,202018,DC,11,0,240,75
5/9/20,202019,DC,11,447,311,71
5/16/20,202020,DC,11,158.5,375,64
5/23/20,202021,DC,11,244.75,427,52
5/30/20,202022,DC,11,194.625,462,35
6/6/20,202023,DC,11,178.6875,483,21
6/13/20,202024,DC,11,107.65625,511,28
6/20/20,202025,DC,11,123.171875,531,20
6/27/20,202026,DC,11,74.4140625,548,17
7/4/20,202027,DC,11,57.79296875,557,9
7/11/20,202028,DC,11,63.10351563,568,11
7/18/20,202029,DC,11,56.44824219,578,10
7/25/20,202030,DC,11,68.77587891,581,3
8/1/20,202031,DC,11,65.61206055,585,4
8/8/20,202032,DC,11,47.19396973,590,5
8/15/20,202033,DC,11,57.40301514,597,7
8/22/20,202034,DC,11,52.29849243,604,7
8/29/20,202035,DC,11,49.85075378,605,1
9/5/20,202036,DC,11,55.07462311,611,6
9/12/20,202037,DC,11,70.46268845,616,5
9/19/20,202038,DC,11,49.76865578,619,3
9/26/20,202039,DC,11,76.11567211,624,5
10/3/20,202040,DC,11,47.94216394,629,5
10/10/20,202041,DC,11,75.02891803,636,7
10/17/20,202042,DC,11,46.48554099,641,5
10/24/20,202043,DC,11,69.75722951,642,1
10/31/20,202044,DC,11,72.12138525,646,4
11/7/20,202045,DC,11,40.93930738,654,8
11/14/20,202046,DC,11,92.53034631,658,4
1/4/20,202001,FL,12,0,0,0
1/11/20,202002,FL,12,0,0,0
1/18/20,202003,FL,12,0,0,0
1/25/20,202004,FL,12,0,0,0
2/1/20,202005,FL,12,0,0,0
2/8/20,202006,FL,12,0,0,0
2/15/20,202007,FL,12,0,0,0
2/22/20,202008,FL,12,0,0,0
2/29/20,202009,FL,12,0,0,0
3/7/20,202010,FL,12,0,0,0
3/14/20,202011,FL,12,0,2,2
3/21/20,202012,FL,12,158,13,11
3/28/20,202013,FL,12,368,54,41
4/4/20,202014,FL,12,936,195,141
4/11/20,202015,FL,12,1199,438,243
4/18/20,202016,FL,12,1181,748,310
4/25/20,202017,FL,12,1203,1055,307
5/2/20,202018,FL,12,900,1364,309
5/9/20,202019,FL,12,1380,1715,351
5/16/20,202020,FL,12,1068,1964,249
5/23/20,202021,FL,12,1174,2233,269
5/30/20,202022,FL,12,808,2447,214
6/6/20,202023,FL,12,788,2688,241
6/13/20,202024,FL,12,992,2925,237
6/20/20,202025,FL,12,1072,3144,219
6/27/20,202026,FL,12,1205,3390,246
7/4/20,202027,FL,12,1608,3702,312
7/11/20,202028,FL,12,2301,4197,495
7/18/20,202029,FL,12,2628,4895,698
7/25/20,202030,FL,12,3117,5777,882
8/1/20,202031,FL,12,3258,7022,1245
8/8/20,202032,FL,12,3295,8109,1087
8/15/20,202033,FL,12,3435,9345,1236
8/22/20,202034,FL,12,2690,10274,929
8/29/20,202035,FL,12,1997,11105,831
9/5/20,202036,FL,12,1612,11811,706
9/12/20,202037,FL,12,1314,12600,789
9/19/20,202038,FL,12,1171,13287,687
9/26/20,202039,FL,12,1106,14022,735
10/3/20,202040,FL,12,1187,14628,606
10/10/20,202041,FL,12,1050,15186,558
10/17/20,202042,FL,12,1312,15917,731
10/24/20,202043,FL,12,1171,16417,500
10/31/20,202044,FL,12,1230,16761,344
11/7/20,202045,FL,12,1115,17100,339
11/14/20,202046,FL,12,1412,17489,389
1/4/20,202001,GA,13,0,0,0
1/11/20,202002,GA,13,0,0,0
1/18/20,202003,GA,13,0,0,0
1/25/20,202004,GA,13,0,0,0
2/1/20,202005,GA,13,0,0,0
2/8/20,202006,GA,13,0,0,0
2/15/20,202007,GA,13,0,0,0
2/22/20,202008,GA,13,0,0,0
2/29/20,202009,GA,13,0,0,0
3/7/20,202010,GA,13,0,0,0
3/14/20,202011,GA,13,0,1,1
3/21/20,202012,GA,13,0,20,19
3/28/20,202013,GA,13,617,69,49
4/4/20,202014,GA,13,622,201,132
4/11/20,202015,GA,13,1240,429,228
4/18/20,202016,GA,13,941,673,244
4/25/20,202017,GA,13,906,907,234
5/2/20,202018,GA,13,1061,1177,270
5/9/20,202019,GA,13,600,1403,226
5/16/20,202020,GA,13,748,1598,195
5/23/20,202021,GA,13,676,1822,224
5/30/20,202022,GA,13,510,2004,182
6/6/20,202023,GA,13,741,2178,174
6/13/20,202024,GA,13,562,2447,269
6/20/20,202025,GA,13,613,2642,195
6/27/20,202026,GA,13,852,2776,134
7/4/20,202027,GA,13,1054,2857,81
7/11/20,202028,GA,13,1462,2996,139
7/18/20,202029,GA,13,1756,3169,173
7/25/20,202030,GA,13,2068,3494,325
8/1/20,202031,GA,13,1966,3825,331
8/8/20,202032,GA,13,1561,4186,361
8/15/20,202033,GA,13,1472,4669,483
8/22/20,202034,GA,13,1297,5092,423
8/29/20,202035,GA,13,1208,5576,484
9/5/20,202036,GA,13,968,5977,401
9/12/20,202037,GA,13,826,6287,310
9/19/20,202038,GA,13,1011,6599,312
9/26/20,202039,GA,13,815,6914,315
10/3/20,202040,GA,13,771,7133,219
10/10/20,202041,GA,13,687,7393,260
10/17/20,202042,GA,13,739,7607,214
10/24/20,202043,GA,13,696,7808,201
10/31/20,202044,GA,13,653,7979,171
11/7/20,202045,GA,13,736,8647,668
11/14/20,202046,GA,13,781,8956,309
1/4/20,202001,ID,16,0,0,0
1/11/20,202002,ID,16,0,0,0
1/18/20,202003,ID,16,0,0,0
1/25/20,202004,ID,16,0,0,0
2/1/20,202005,ID,16,0,0,0
2/8/20,202006,ID,16,0,0,0
2/15/20,202007,ID,16,0,0,0
2/22/20,202008,ID,16,0,0,0
2/29/20,202009,ID,16,0,0,0
3/7/20,202010,ID,16,0,0,0
3/14/20,202011,ID,16,0,0,0
3/21/20,202012,ID,16,0,0,0
3/28/20,202013,ID,16,25,4,4
4/4/20,202014,ID,16,37,10,6
4/11/20,202015,ID,16,66,25,15
4/18/20,202016,ID,16,23,43,18
4/25/20,202017,ID,16,17,56,13
5/2/20,202018,ID,16,10,64,8
5/9/20,202019,ID,16,28,67,3
5/16/20,202020,ID,16,9,73,6
5/23/20,202021,ID,16,12,79,6
5/30/20,202022,ID,16,15,82,3
6/6/20,202023,ID,16,17,83,1
6/13/20,202024,ID,16,8,87,4
6/20/20,202025,ID,16,14,89,2
6/27/20,202026,ID,16,30,91,2
7/4/20,202027,ID,16,46,93,2
7/11/20,202028,ID,16,94,102,9
7/18/20,202029,ID,16,121,119,17
7/25/20,202030,ID,16,139,146,27
8/1/20,202031,ID,16,141,197,51
8/8/20,202032,ID,16,118,235,38
8/15/20,202033,ID,16,123,269,34
8/22/20,202034,ID,16,142,306,37
8/29/20,202035,ID,16,116,358,52
9/5/20,202036,ID,16,112,384,26
9/12/20,202037,ID,16,108,415,31
9/19/20,202038,ID,16,132,441,26
9/26/20,202039,ID,16,94,460,19
10/3/20,202040,ID,16,98,480,20
10/10/20,202041,ID,16,120,507,27
10/17/20,202042,ID,16,161,529,22
10/24/20,202043,ID,16,213,572,43
10/31/20,202044,ID,16,185,629,57
11/7/20,202045,ID,16,253,683,54
11/14/20,202046,ID,16,277,759,76
1/4/20,202001,IL,17,0,0,0
1/11/20,202002,IL,17,0,0,0
1/18/20,202003,IL,17,0,0,0
1/25/20,202004,IL,17,0,0,0
2/1/20,202005,IL,17,0,0,0
2/8/20,202006,IL,17,0,0,0
2/15/20,202007,IL,17,0,0,0
2/22/20,202008,IL,17,0,0,0
2/29/20,202009,IL,17,0,0,0
3/7/20,202010,IL,17,0,0,0
3/14/20,202011,IL,17,0,0,0
3/21/20,202012,IL,17,0,6,6
3/28/20,202013,IL,17,0,47,41
4/4/20,202014,IL,17,0,244,197
4/11/20,202015,IL,17,3680,677,433
4/18/20,202016,IL,17,2500,1259,582
4/25/20,202017,IL,17,3449,1875,616
5/2/20,202018,IL,17,2992.5,2559,684
5/9/20,202019,IL,17,3242.75,3349,790
5/16/20,202020,IL,17,2684.625,4129,780
5/23/20,202021,IL,17,2410.6875,4790,661
5/30/20,202022,IL,17,2130.65625,5330,540
6/6/20,202023,IL,17,1636.671875,5864,534
6/13/20,202024,IL,17,1298.664063,6289,425
6/20/20,202025,IL,17,1046.667969,6625,336
6/27/20,202026,IL,17,992.6660156,6873,248
7/4/20,202027,IL,17,849.6669922,7014,141
7/11/20,202028,IL,17,973.1665039,7369,355
7/18/20,202029,IL,17,873.416748,7483,114
7/25/20,202030,IL,17,1001.291626,7589,106
8/1/20,202031,IL,17,846.354187,7700,111
8/8/20,202032,IL,17,1114.822906,7840,140
8/15/20,202033,IL,17,980.5885468,7937,97
8/22/20,202034,IL,17,997.7057266,8083,146
8/29/20,202035,IL,17,1064.147137,8217,134
9/5/20,202036,IL,17,1017.926432,8385,168
9/12/20,202037,IL,17,1000.036784,8527,142
9/19/20,202038,IL,17,968.9816079,8672,145
9/26/20,202039,IL,17,1112.509196,8832,160
10/3/20,202040,IL,17,978.745402,9023,191
10/10/20,202041,IL,17,1317.627299,9221,198
10/17/20,202042,IL,17,1414.18635,9452,231
10/24/20,202043,IL,17,1908.906825,9751,299
10/31/20,202044,IL,17,2273.546588,10040,289
11/7/20,202045,IL,17,3113.226706,10488,448
11/14/20,202046,IL,17,3858.386647,11088,600
1/4/20,202001,IN,18,0,0,0
1/11/20,202002,IN,18,0,0,0
1/18/20,202003,IN,18,0,0,0
1/25/20,202004,IN,18,0,0,0
2/1/20,202005,IN,18,0,0,0
2/8/20,202006,IN,18,0,0,0
2/15/20,202007,IN,18,0,0,0
2/22/20,202008,IN,18,0,0,0
2/29/20,202009,IN,18,0,0,0
3/7/20,202010,IN,18,0,0,0
3/14/20,202011,IN,18,0,0,0
3/21/20,202012,IN,18,1,4,4
3/28/20,202013,IN,18,0,31,27
4/4/20,202014,IN,18,0,116,85
4/11/20,202015,IN,18,0,330,214
4/18/20,202016,IN,18,0,545,215
4/25/20,202017,IN,18,0,786,241
5/2/20,202018,IN,18,0,1229,443
5/9/20,202019,IN,18,4389,1490,261
5/16/20,202020,IN,18,0,1741,251
5/23/20,202021,IN,18,896,1964,223
5/30/20,202022,IN,18,0,2125,161
6/6/20,202023,IN,18,806,2292,167
6/13/20,202024,IN,18,258,2413,121
6/20/20,202025,IN,18,406,2536,123
6/27/20,202026,IN,18,227,2616,80
7/4/20,202027,IN,18,234,2687,71
7/11/20,202028,IN,18,242,2756,69
7/18/20,202029,IN,18,403,2820,64
7/25/20,202030,IN,18,319,2895,75
8/1/20,202031,IN,18,601,2971,76
8/8/20,202032,IN,18,573,3036,65
8/15/20,202033,IN,18,518,3128,92
8/22/20,202034,IN,18,360,3218,90
8/29/20,202035,IN,18,620,3285,67
9/5/20,202036,IN,18,479,3362,77
9/12/20,202037,IN,18,392,3437,75
9/19/20,202038,IN,18,381,3503,66
9/26/20,202039,IN,18,430,3577,74
10/3/20,202040,IN,18,547,3669,92
10/10/20,202041,IN,18,688,3782,113
10/17/20,202042,IN,18,848,3918,136
10/24/20,202043,IN,18,1023,4118,200
10/31/20,202044,IN,18,1220,4332,214
11/7/20,202045,IN,18,1426,4592,260
11/14/20,202046,IN,18,2110,4888,296
1/4/20,202001,IA,19,0,0,0
1/11/20,202002,IA,19,0,0,0
1/18/20,202003,IA,19,0,0,0
1/25/20,202004,IA,19,0,0,0
2/1/20,202005,IA,19,0,0,0
2/8/20,202006,IA,19,0,0,0
2/15/20,202007,IA,19,0,0,0
2/22/20,202008,IA,19,0,0,0
2/29/20,202009,IA,19,0,0,0
3/7/20,202010,IA,19,0,0,0
3/14/20,202011,IA,19,0,0,0
3/21/20,202012,IA,19,0,0,0
3/28/20,202013,IA,19,61,3,3
4/4/20,202014,IA,19,92,14,11
4/11/20,202015,IA,19,40,34,20
4/18/20,202016,IA,19,0,74,40
4/25/20,202017,IA,19,0,112,38
5/2/20,202018,IA,19,0,175,63
5/9/20,202019,IA,19,0,252,77
5/16/20,202020,IA,19,0,346,94
5/23/20,202021,IA,19,0,446,100
5/30/20,202022,IA,19,0,531,85
6/6/20,202023,IA,19,0,599,68
6/13/20,202024,IA,19,0,650,51
6/20/20,202025,IA,19,0,681,31
6/27/20,202026,IA,19,0,704,23
7/4/20,202027,IA,19,0,721,17
7/11/20,202028,IA,19,0,748,27
7/18/20,202029,IA,19,0,789,41
7/25/20,202030,IA,19,0,826,37
8/1/20,202031,IA,19,0,874,48
8/8/20,202032,IA,19,0,927,53
8/15/20,202033,IA,19,0,975,48
8/22/20,202034,IA,19,0,1033,58
8/29/20,202035,IA,19,0,1100,67
9/5/20,202036,IA,19,0,1164,64
9/12/20,202037,IA,19,0,1218,54
9/19/20,202038,IA,19,0,1265,47
9/26/20,202039,IA,19,0,1314,49
10/3/20,202040,IA,19,0,1381,67
10/10/20,202041,IA,19,0,1459,78
10/17/20,202042,IA,19,0,1528,69
10/24/20,202043,IA,19,0,1634,106
10/31/20,202044,IA,19,0,1716,82
11/7/20,202045,IA,19,0,1842,126
11/14/20,202046,IA,19,0,1985,143
1/4/20,202001,KS,20,0,0,0
1/11/20,202002,KS,20,0,0,0
1/18/20,202003,KS,20,0,0,0
1/25/20,202004,KS,20,0,0,0
2/1/20,202005,KS,20,0,0,0
2/8/20,202006,KS,20,0,0,0
2/15/20,202007,KS,20,0,0,0
2/22/20,202008,KS,20,0,0,0
2/29/20,202009,KS,20,0,0,0
3/7/20,202010,KS,20,0,0,0
3/14/20,202011,KS,20,0,1,1
3/21/20,202012,KS,20,0,2,1
3/28/20,202013,KS,20,27,4,2
4/4/20,202014,KS,20,145,21,17
4/11/20,202015,KS,20,121,55,34
4/18/20,202016,KS,20,90,85,30
4/25/20,202017,KS,20,91,120,35
5/2/20,202018,KS,20,67,142,22
5/9/20,202019,KS,20,94,174,32
5/16/20,202020,KS,20,89,195,21
5/23/20,202021,KS,20,63,205,10
5/30/20,202022,KS,20,55,215,10
6/6/20,202023,KS,20,75,233,18
6/13/20,202024,KS,20,56,245,12
6/20/20,202025,KS,20,62,256,11
6/27/20,202026,KS,20,93,268,12
7/4/20,202027,KS,20,91,283,15
7/11/20,202028,KS,20,85,295,12
7/18/20,202029,KS,20,149,308,13
7/25/20,202030,KS,20,143,329,21
8/1/20,202031,KS,20,155,358,29
8/8/20,202032,KS,20,124,380,22
8/15/20,202033,KS,20,145,406,26
8/22/20,202034,KS,20,139,426,20
8/29/20,202035,KS,20,119,449,23
9/5/20,202036,KS,20,137,480,31
9/12/20,202037,KS,20,122,526,46
9/19/20,202038,KS,20,134,594,68
9/26/20,202039,KS,20,145,635,41
10/3/20,202040,KS,20,167,690,55
10/10/20,202041,KS,20,202,773,83
10/17/20,202042,KS,20,185,859,86
10/24/20,202043,KS,20,214,956,97
10/31/20,202044,KS,20,248,1025,69
11/7/20,202045,KS,20,235,1098,73
11/14/20,202046,KS,20,260,1184,86
1/4/20,202001,KY,21,0,0,0
1/11/20,202002,KY,21,0,0,0
1/18/20,202003,KY,21,0,0,0
1/25/20,202004,KY,21,0,0,0
2/1/20,202005,KY,21,0,0,0
2/8/20,202006,KY,21,0,0,0
2/15/20,202007,KY,21,0,0,0
2/22/20,202008,KY,21,0,0,0
2/29/20,202009,KY,21,0,0,0
3/7/20,202010,KY,21,0,0,0
3/14/20,202011,KY,21,0,0,0
3/21/20,202012,KY,21,0,3,3
3/28/20,202013,KY,21,0,9,6
4/4/20,202014,KY,21,0,40,31
4/11/20,202015,KY,21,459,90,50
4/18/20,202016,KY,21,549,144,54
4/25/20,202017,KY,21,135,205,61
5/2/20,202018,KY,21,268,248,43
5/9/20,202019,KY,21,285,304,56
5/16/20,202020,KY,21,200,334,30
5/23/20,202021,KY,21,180,391,57
5/30/20,202022,KY,21,190,431,40
6/6/20,202023,KY,21,95,470,39
6/13/20,202024,KY,21,72,499,29
6/20/20,202025,KY,21,89,524,25
6/27/20,202026,KY,21,67,554,30
7/4/20,202027,KY,21,96,585,31
7/11/20,202028,KY,21,94,622,37
7/18/20,202029,KY,21,96,667,45
7/25/20,202030,KY,21,391,696,29
8/1/20,202031,KY,21,516,740,44
8/8/20,202032,KY,21,220,772,32
8/15/20,202033,KY,21,191,810,38
8/22/20,202034,KY,21,169,872,62
8/29/20,202035,KY,21,198,921,49
9/5/20,202036,KY,21,153,993,72
9/12/20,202037,KY,21,173,1057,64
9/19/20,202038,KY,21,140,1108,51
9/26/20,202039,KY,21,167,1154,46
10/3/20,202040,KY,21,169,1205,51
10/10/20,202041,KY,21,732,1249,44
10/17/20,202042,KY,21,498,1312,63
10/24/20,202043,KY,21,273,1404,92
10/31/20,202044,KY,21,345,1485,81
11/7/20,202045,KY,21,639,1561,76
11/14/20,202046,KY,21,939,1658,97
1/4/20,202001,LA,22,0,0,0
1/11/20,202002,LA,22,0,0,0
1/18/20,202003,LA,22,0,0,0
1/25/20,202004,LA,22,0,0,0
2/1/20,202005,LA,22,0,0,0
2/8/20,202006,LA,22,0,0,0
2/15/20,202007,LA,22,0,0,0
2/22/20,202008,LA,22,0,0,0
2/29/20,202009,LA,22,0,0,0
3/7/20,202010,LA,22,0,0,0
3/14/20,202011,LA,22,0,1,1
3/21/20,202012,LA,22,0,20,19
3/28/20,202013,LA,22,927,137,117
4/4/20,202014,LA,22,1262.5,409,272
4/11/20,202015,LA,22,1435.75,806,397
4/18/20,202016,LA,22,1043.125,1267,461
4/25/20,202017,LA,22,1178.4375,1707,440
5/2/20,202018,LA,22,955.78125,1993,286
5/9/20,202019,LA,22,855.109375,2267,274
5/16/20,202020,LA,22,600.4453125,2479,212
5/23/20,202021,LA,22,535.7773438,2668,189
5/30/20,202022,LA,22,406.1113281,2786,118
6/6/20,202023,LA,22,378.9443359,2925,139
6/13/20,202024,LA,22,352.527832,3004,79
6/20/20,202025,LA,22,397.736084,3104,100
6/27/20,202026,LA,22,501.131958,3190,86
7/4/20,202027,LA,22,601.434021,3278,88
7/11/20,202028,LA,22,881.2829895,3403,125
7/18/20,202029,LA,22,972.3585052,3509,106
7/25/20,202030,LA,22,1113.820747,3715,206
8/1/20,202031,LA,22,989.0896263,3949,234
8/8/20,202032,LA,22,911.4551868,4207,258
8/15/20,202033,LA,22,787.2724066,4430,223
8/22/20,202034,LA,22,657.3637967,4687,257
8/29/20,202035,LA,22,571.3181016,4904,217
9/5/20,202036,LA,22,522.3409492,5035,131
9/12/20,202037,LA,22,461.8295254,5202,167
9/19/20,202038,LA,22,416.0852373,5342,140
9/26/20,202039,LA,22,361.9573814,5444,102
10/3/20,202040,LA,22,355.0213093,5545,101
10/10/20,202041,LA,22,404.4893453,5635,90
10/17/20,202042,LA,22,354.7553273,5727,92
10/24/20,202043,LA,22,442.6223363,5820,93
10/31/20,202044,LA,22,390.6888318,5919,99
11/7/20,202045,LA,22,448.6555841,6016,97
11/14/20,202046,LA,22,467.672208,6121,105
1/4/20,202001,ME,23,0,0,0
1/11/20,202002,ME,23,0,0,0
1/18/20,202003,ME,23,0,0,0
1/25/20,202004,ME,23,0,0,0
2/1/20,202005,ME,23,0,0,0
2/8/20,202006,ME,23,0,0,0
2/15/20,202007,ME,23,0,0,0
2/22/20,202008,ME,23,0,0,0
2/29/20,202009,ME,23,0,0,0
3/7/20,202010,ME,23,0,0,0
3/14/20,202011,ME,23,0,0,0
3/21/20,202012,ME,23,0,0,0
3/28/20,202013,ME,23,0,1,1
4/4/20,202014,ME,23,83,10,9
4/11/20,202015,ME,23,31,19,9
4/18/20,202016,ME,23,22,32,13
4/25/20,202017,ME,23,20,47,15
5/2/20,202018,ME,23,25,56,9
5/9/20,202019,ME,23,17,64,8
5/16/20,202020,ME,23,16,70,6
5/23/20,202021,ME,23,29,77,7
5/30/20,202022,ME,23,29,89,12
6/6/20,202023,ME,23,26,98,9
6/13/20,202024,ME,23,17,100,2
6/20/20,202025,ME,23,20,102,2
6/27/20,202026,ME,23,12,104,2
7/4/20,202027,ME,23,13,107,3
7/11/20,202028,ME,23,10,112,5
7/18/20,202029,ME,23,7,117,5
7/25/20,202030,ME,23,4,119,2
8/1/20,202031,ME,23,9,123,4
8/8/20,202032,ME,23,6,125,2
8/15/20,202033,ME,23,6,127,2
8/22/20,202034,ME,23,9,130,3
8/29/20,202035,ME,23,11,132,2
9/5/20,202036,ME,23,7,134,2
9/12/20,202037,ME,23,8,135,1
9/19/20,202038,ME,23,8,139,4
9/26/20,202039,ME,23,5,140,1
10/3/20,202040,ME,23,11,142,2
10/10/20,202041,ME,23,8,143,1
10/17/20,202042,ME,23,5,146,3
10/24/20,202043,ME,23,6,146,0
10/31/20,202044,ME,23,14,147,1
11/7/20,202045,ME,23,37,151,4
11/14/20,202046,ME,23,49,163,12
1/4/20,202001,MD,24,0,0,0
1/11/20,202002,MD,24,0,0,0
1/18/20,202003,MD,24,0,0,0
1/25/20,202004,MD,24,0,0,0
2/1/20,202005,MD,24,0,0,0
2/8/20,202006,MD,24,0,0,0
2/15/20,202007,MD,24,0,0,0
2/22/20,202008,MD,24,0,0,0
2/29/20,202009,MD,24,0,0,0
3/7/20,202010,MD,24,0,0,0
3/14/20,202011,MD,24,0,0,0
3/21/20,202012,MD,24,0,2,2
3/28/20,202013,MD,24,226,5,3
4/4/20,202014,MD,24,595,54,49
4/11/20,202015,MD,24,888,206,152
4/18/20,202016,MD,24,1048,421,215
4/25/20,202017,MD,24,1003,875,454
5/2/20,202018,MD,24,1150,1251,376
5/9/20,202019,MD,24,1022,1614,363
5/16/20,202020,MD,24,823,1957,343
5/23/20,202021,MD,24,1070,2243,286
5/30/20,202022,MD,24,794,2509,266
6/6/20,202023,MD,24,832,2740,231
6/13/20,202024,MD,24,602,2926,186
6/20/20,202025,MD,24,444,3052,126
6/27/20,202026,MD,24,254,3157,105
7/4/20,202027,MD,24,283,3236,79
7/11/20,202028,MD,24,319,3310,74
7/18/20,202029,MD,24,435,3368,58
7/25/20,202030,MD,24,400,3433,65
8/1/20,202031,MD,24,484,3506,73
8/8/20,202032,MD,24,433,3577,71
8/15/20,202033,MD,24,451,3636,59
8/22/20,202034,MD,24,308,3685,49
8/29/20,202035,MD,24,353,3746,61
9/5/20,202036,MD,24,299,3796,50
9/12/20,202037,MD,24,280,3836,40
9/19/20,202038,MD,24,323,3876,40
9/26/20,202039,MD,24,263,3925,49
10/3/20,202040,MD,24,288,3957,32
10/10/20,202041,MD,24,336,3995,38
10/17/20,202042,MD,24,346,4036,41
10/24/20,202043,MD,24,353,4091,55
10/31/20,202044,MD,24,388,4147,56
11/7/20,202045,MD,24,534,4201,54
11/14/20,202046,MD,24,831,4293,92
1/4/20,202001,MA,25,0,0,0
1/11/20,202002,MA,25,0,0,0
1/18/20,202003,MA,25,0,0,0
1/25/20,202004,MA,25,0,0,0
2/1/20,202005,MA,25,0,0,0
2/8/20,202006,MA,25,0,0,0
2/15/20,202007,MA,25,0,0,0
2/22/20,202008,MA,25,0,0,0
2/29/20,202009,MA,25,0,0,0
3/7/20,202010,MA,25,0,0,0
3/14/20,202011,MA,25,0,0,0
3/21/20,202012,MA,25,61,1,1
3/28/20,202013,MA,25,289,44,43
4/4/20,202014,MA,25,1020,216,172
4/11/20,202015,MA,25,1137,686,470
4/18/20,202016,MA,25,1249,1404,718
4/25/20,202017,MA,25,1237,2730,1326
5/2/20,202018,MA,25,1413,3846,1116
5/9/20,202019,MA,25,1173,4840,994
5/16/20,202020,MA,25,905,5705,865
5/23/20,202021,MA,25,804,6304,599
5/30/20,202022,MA,25,529,6768,464
6/6/20,202023,MA,25,580,7289,521
6/13/20,202024,MA,25,403,7576,287
6/20/20,202025,MA,25,304,7828,252
6/27/20,202026,MA,25,234,8041,213
7/4/20,202027,MA,25,159,8172,131
7/11/20,202028,MA,25,139,8310,138
7/18/20,202029,MA,25,109,8419,109
7/25/20,202030,MA,25,104,8510,91
8/1/20,202031,MA,25,117,8626,116
8/8/20,202032,MA,25,114,8721,95
8/15/20,202033,MA,25,126,8826,105
8/22/20,202034,MA,25,86,8921,95
8/29/20,202035,MA,25,102,9036,115
9/5/20,202036,MA,25,80,9116,80
9/12/20,202037,MA,25,79,9196,80
9/19/20,202038,MA,25,111,9295,99
9/26/20,202039,MA,25,100,9391,96
10/3/20,202040,MA,25,108,9507,116
10/10/20,202041,MA,25,116,9587,80
10/17/20,202042,MA,25,129,9723,136
10/24/20,202043,MA,25,136,9839,116
10/31/20,202044,MA,25,160,9991,152
11/7/20,202045,MA,25,87,10129,138
11/14/20,202046,MA,25,215,10293,164
1/4/20,202001,MI,26,0,0,0
1/11/20,202002,MI,26,0,0,0
1/18/20,202003,MI,26,0,0,0
1/25/20,202004,MI,26,0,0,0
2/1/20,202005,MI,26,0,0,0
2/8/20,202006,MI,26,0,0,0
2/15/20,202007,MI,26,0,0,0
2/22/20,202008,MI,26,0,0,0
2/29/20,202009,MI,26,0,0,0
3/7/20,202010,MI,26,0,0,0
3/14/20,202011,MI,26,0,1,1
3/21/20,202012,MI,26,0,6,5
3/28/20,202013,MI,26,0,130,124
4/4/20,202014,MI,26,0,585,455
4/11/20,202015,MI,26,3636,1487,902
4/18/20,202016,MI,26,1816,2460,973
4/25/20,202017,MI,26,1981,3339,879
5/2/20,202018,MI,26,1109.5,4224,885
5/9/20,202019,MI,26,976.25,4757,533
5/16/20,202020,MI,26,767.875,5114,357
5/23/20,202021,MI,26,569.0625,5460,346
5/30/20,202022,MI,26,489.46875,5704,244
6/6/20,202023,MI,26,619.265625,5916,212
6/13/20,202024,MI,26,326.3671875,6013,97
6/20/20,202025,MI,26,393.8164063,6087,74
6/27/20,202026,MI,26,360.0917969,6153,66
7/4/20,202027,MI,26,367.9541016,6218,65
7/11/20,202028,MI,26,321.0229492,6313,95
7/18/20,202029,MI,26,519.4885254,6364,51
7/25/20,202030,MI,26,491.2557373,6400,36
8/1/20,202031,MI,26,481.3721313,6457,57
8/8/20,202032,MI,26,453.3139343,6520,63
8/15/20,202033,MI,26,486.3430328,6586,66
8/22/20,202034,MI,26,402.8284836,6655,69
8/29/20,202035,MI,26,467.5857582,6712,57
9/5/20,202036,MI,26,382.2071209,6806,94
9/12/20,202037,MI,26,435.8964396,6911,105
9/19/20,202038,MI,26,339.0517802,6969,58
9/26/20,202039,MI,26,388.4741099,7044,75
10/3/20,202040,MI,26,483.7629451,7124,80
10/10/20,202041,MI,26,620.1185275,7219,95
10/17/20,202042,MI,26,689.9407363,7340,121
10/24/20,202043,MI,26,837.0296319,7522,182
10/31/20,202044,MI,26,1309.485184,7699,177
11/7/20,202045,MI,26,1770.257408,7945,246
11/14/20,202046,MI,26,2355.871296,8376,431
1/4/20,202001,MN,27,0,0,0
1/11/20,202002,MN,27,0,0,0
1/18/20,202003,MN,27,0,0,0
1/25/20,202004,MN,27,0,0,0
2/1/20,202005,MN,27,0,0,0
2/8/20,202006,MN,27,0,0,0
2/15/20,202007,MN,27,0,0,0
2/22/20,202008,MN,27,0,0,0
2/29/20,202009,MN,27,0,0,0
3/7/20,202010,MN,27,0,0,0
3/14/20,202011,MN,27,0,0,0
3/21/20,202012,MN,27,0,1,1
3/28/20,202013,MN,27,57,5,4
4/4/20,202014,MN,27,123,24,19
4/11/20,202015,MN,27,160,64,40
4/18/20,202016,MN,27,221,121,57
4/25/20,202017,MN,27,236,244,123
5/2/20,202018,MN,27,362,394,150
5/9/20,202019,MN,27,453,558,164
5/16/20,202020,MN,27,427,709,151
5/23/20,202021,MN,27,495,861,152
5/30/20,202022,MN,27,477,1036,175
6/6/20,202023,MN,27,325,1181,145
6/13/20,202024,MN,27,245,1314,133
6/20/20,202025,MN,27,186,1404,90
6/27/20,202026,MN,27,219,1452,48
7/4/20,202027,MN,27,153,1503,51
7/11/20,202028,MN,27,227,1537,34
7/18/20,202029,MN,27,236,1578,41
7/25/20,202030,MN,27,287,1611,33
8/1/20,202031,MN,27,319,1646,35
8/8/20,202032,MN,27,298,1689,43
8/15/20,202033,MN,27,316,1705,16
8/22/20,202034,MN,27,291,1807,102
8/29/20,202035,MN,27,298,1863,56
9/5/20,202036,MN,27,265,1903,40
9/12/20,202037,MN,27,223,1958,55
9/19/20,202038,MN,27,225,2015,57
9/26/20,202039,MN,27,319,2056,41
10/3/20,202040,MN,27,403,2126,70
10/10/20,202041,MN,27,456,2184,58
10/17/20,202042,MN,27,499,2270,86
10/24/20,202043,MN,27,643,2381,111
10/31/20,202044,MN,27,826,2511,130
11/7/20,202045,MN,27,1124,2679,168
11/14/20,202046,MN,27,1521,2930,251
1/4/20,202001,MS,28,0,0,0
1/11/20,202002,MS,28,0,0,0
1/18/20,202003,MS,28,0,0,0
1/25/20,202004,MS,28,0,0,0
2/1/20,202005,MS,28,0,0,0
2/8/20,202006,MS,28,0,0,0
2/15/20,202007,MS,28,0,0,0
2/22/20,202008,MS,28,0,0,0
2/29/20,202009,MS,28,0,0,0
3/7/20,202010,MS,28,0,0,0
3/14/20,202011,MS,28,0,0,0
3/21/20,202012,MS,28,0,1,1
3/28/20,202013,MS,28,219,13,12
4/4/20,202014,MS,28,257,35,22
4/11/20,202015,MS,28,190,93,58
4/18/20,202016,MS,28,254,152,59
4/25/20,202017,MS,28,214,221,69
5/2/20,202018,MS,28,269,291,70
5/9/20,202019,MS,28,247,421,130
5/16/20,202020,MS,28,236,510,89
5/23/20,202021,MS,28,248,616,106
5/30/20,202022,MS,28,244,723,107
6/6/20,202023,MS,28,235,811,88
6/13/20,202024,MS,28,169,889,78
6/20/20,202025,MS,28,123,938,49
6/27/20,202026,MS,28,311,1035,97
7/4/20,202027,MS,28,190,1107,72
7/11/20,202028,MS,28,227,1230,123
7/18/20,202029,MS,28,232,1346,116
7/25/20,202030,MS,28,255,1478,132
8/1/20,202031,MS,28,332,1693,215
8/8/20,202032,MS,28,292,1874,181
8/15/20,202033,MS,28,310,2080,206
8/22/20,202034,MS,28,233,2237,157
8/29/20,202035,MS,28,151,2427,190
9/5/20,202036,MS,28,26,2569,142
9/12/20,202037,MS,28,84,2685,116
9/19/20,202038,MS,28,89,2809,124
9/26/20,202039,MS,28,108,2911,102
10/3/20,202040,MS,28,368,3011,100
10/10/20,202041,MS,28,78,3096,85
10/17/20,202042,MS,28,184,3171,75
10/24/20,202043,MS,28,143,3255,84
10/31/20,202044,MS,28,196,3334,79
11/7/20,202045,MS,28,152,3433,99
11/14/20,202046,MS,28,186,3540,107
1/4/20,202001,MO,29,0,0,0
1/11/20,202002,MO,29,0,0,0
1/18/20,202003,MO,29,0,0,0
1/25/20,202004,MO,29,0,0,0
2/1/20,202005,MO,29,0,0,0
2/8/20,202006,MO,29,0,0,0
2/15/20,202007,MO,29,0,0,0
2/22/20,202008,MO,29,0,0,0
2/29/20,202009,MO,29,0,0,0
3/7/20,202010,MO,29,0,0,0
3/14/20,202011,MO,29,0,0,0
3/21/20,202012,MO,29,0,3,3
3/28/20,202013,MO,29,0,13,10
4/4/20,202014,MO,29,413,51,38
4/11/20,202015,MO,29,299.5,145,94
4/18/20,202016,MO,29,725.25,236,91
4/25/20,202017,MO,29,487.375,357,121
5/2/20,202018,MO,29,652.3125,472,115
5/9/20,202019,MO,29,528.84375,594,122
5/16/20,202020,MO,29,510.578125,691,97
5/23/20,202021,MO,29,486.7109375,765,74
5/30/20,202022,MO,29,435.6445313,812,47
6/6/20,202023,MO,29,448.1777344,848,36
6/13/20,202024,MO,29,370.9111328,887,39
6/20/20,202025,MO,29,229.5444336,973,86
6/27/20,202026,MO,29,565.2277832,1014,41
7/4/20,202027,MO,29,457.3861084,1050,36
7/11/20,202028,MO,29,654.3069458,1091,41
7/18/20,202029,MO,29,547.8465271,1136,45
7/25/20,202030,MO,29,783.0767365,1200,64
8/1/20,202031,MO,29,420.4616318,1276,76
8/8/20,202032,MO,29,713.7691841,1327,51
8/15/20,202033,MO,29,514.1154079,1378,51
8/22/20,202034,MO,29,655.942296,1451,73
8/29/20,202035,MO,29,648.028852,1528,77
9/5/20,202036,MO,29,609.985574,1668,140
9/12/20,202037,MO,29,735.007213,1728,60
9/19/20,202038,MO,29,636.4963935,1825,97
9/26/20,202039,MO,29,782.7518032,2054,229
10/3/20,202040,MO,29,752.6240984,2177,123
10/10/20,202041,MO,29,936.6879508,2424,247
10/17/20,202042,MO,29,962.6560246,2581,157
10/24/20,202043,MO,29,961.6719877,2808,227
10/31/20,202044,MO,29,1093.164006,3037,229
11/7/20,202045,MO,29,1379.417997,3162,125
11/14/20,202046,MO,29,1757.291002,3387,225
1/4/20,202001,MT,30,0,0,0
1/11/20,202002,MT,30,0,0,0
1/18/20,202003,MT,30,0,0,0
1/25/20,202004,MT,30,0,0,0
2/1/20,202005,MT,30,0,0,0
2/8/20,202006,MT,30,0,0,0
2/15/20,202007,MT,30,0,0,0
2/22/20,202008,MT,30,0,0,0
2/29/20,202009,MT,30,0,0,0
3/7/20,202010,MT,30,0,0,0
3/14/20,202011,MT,30,0,0,0
3/21/20,202012,MT,30,0,0,0
3/28/20,202013,MT,30,7,1,1
4/4/20,202014,MT,30,17,6,5
4/11/20,202015,MT,30,22,6,0
4/18/20,202016,MT,30,9,10,4
4/25/20,202017,MT,30,6,14,4
5/2/20,202018,MT,30,0,16,2
5/9/20,202019,MT,30,1,16,0
5/16/20,202020,MT,30,1,16,0
5/23/20,202021,MT,30,2,16,0
5/30/20,202022,MT,30,2,17,1
6/6/20,202023,MT,30,1,18,1
6/13/20,202024,MT,30,9,18,0
6/20/20,202025,MT,30,9,20,2
6/27/20,202026,MT,30,10,22,2
7/4/20,202027,MT,30,17,23,1
7/11/20,202028,MT,30,15,29,6
7/18/20,202029,MT,30,37,37,8
7/25/20,202030,MT,30,31,46,9
8/1/20,202031,MT,30,35,61,15
8/8/20,202032,MT,30,38,75,14
8/15/20,202033,MT,30,56,82,7
8/22/20,202034,MT,30,54,90,8
8/29/20,202035,MT,30,51,104,14
9/5/20,202036,MT,30,48,116,12
9/12/20,202037,MT,30,44,133,17
9/19/20,202038,MT,30,46,156,23
9/26/20,202039,MT,30,117,171,15
10/3/20,202040,MT,30,57,186,15
10/10/20,202041,MT,30,144,209,23
10/17/20,202042,MT,30,116,239,30
10/24/20,202043,MT,30,179,294,55
10/31/20,202044,MT,30,170,375,81
11/7/20,202045,MT,30,115,445,70
11/14/20,202046,MT,30,577,514,69
1/4/20,202001,NE,31,0,0,0
1/11/20,202002,NE,31,0,0,0
1/18/20,202003,NE,31,0,0,0
1/25/20,202004,NE,31,0,0,0
2/1/20,202005,NE,31,0,0,0
2/8/20,202006,NE,31,0,0,0
2/15/20,202007,NE,31,0,0,0
2/22/20,202008,NE,31,0,0,0
2/29/20,202009,NE,31,0,0,0
3/7/20,202010,NE,31,0,0,0
3/14/20,202011,NE,31,0,0,0
3/21/20,202012,NE,31,0,0,0
3/28/20,202013,NE,31,0,2,2
4/4/20,202014,NE,31,0,6,4
4/11/20,202015,NE,31,0,17,11
4/18/20,202016,NE,31,0,24,7
4/25/20,202017,NE,31,0,50,26
5/2/20,202018,NE,31,0,73,23
5/9/20,202019,NE,31,0,90,17
5/16/20,202020,NE,31,0,123,33
5/23/20,202021,NE,31,0,147,24
5/30/20,202022,NE,31,0,170,23
6/6/20,202023,NE,31,919,187,17
6/13/20,202024,NE,31,148,215,28
6/20/20,202025,NE,31,133,244,29
6/27/20,202026,NE,31,112,267,23
7/4/20,202027,NE,31,53,284,17
7/11/20,202028,NE,31,54,285,1
7/18/20,202029,NE,31,61,301,16
7/25/20,202030,NE,31,68,316,15
8/1/20,202031,NE,31,74,332,16
8/8/20,202032,NE,31,82,345,13
8/15/20,202033,NE,31,176,361,16
8/22/20,202034,NE,31,59,376,15
8/29/20,202035,NE,31,91,392,16
9/5/20,202036,NE,31,78,404,12
9/12/20,202037,NE,31,71,437,33
9/19/20,202038,NE,31,63,442,5
9/26/20,202039,NE,31,82,469,27
10/3/20,202040,NE,31,103,497,28
10/10/20,202041,NE,31,120,519,22
10/17/20,202042,NE,31,148,547,28
10/24/20,202043,NE,31,170,595,48
10/31/20,202044,NE,31,216,652,57
11/7/20,202045,NE,31,213,703,51
11/14/20,202046,NE,31,297,779,76
1/4/20,202001,NV,32,0,0,0
1/11/20,202002,NV,32,0,0,0
1/18/20,202003,NV,32,0,0,0
1/25/20,202004,NV,32,0,0,0
2/1/20,202005,NV,32,0,0,0
2/8/20,202006,NV,32,0,0,0
2/15/20,202007,NV,32,0,0,0
2/22/20,202008,NV,32,0,0,0
2/29/20,202009,NV,32,0,0,0
3/7/20,202010,NV,32,0,0,0
3/14/20,202011,NV,32,0,0,0
3/21/20,202012,NV,32,0,2,2
3/28/20,202013,NV,32,0,10,8
4/4/20,202014,NV,32,0,46,36
4/11/20,202015,NV,32,282,102,56
4/18/20,202016,NV,32,0,151,49
4/25/20,202017,NV,32,0,205,54
5/2/20,202018,NV,32,0,255,50
5/9/20,202019,NV,32,0,313,58
5/16/20,202020,NV,32,423,347,34
5/23/20,202021,NV,32,190.5,387,40
5/30/20,202022,NV,32,275.75,417,30
6/6/20,202023,NV,32,210.125,437,20
6/13/20,202024,NV,32,245.9375,462,25
6/20/20,202025,NV,32,247.03125,486,24
6/27/20,202026,NV,32,379.484375,500,14
7/4/20,202027,NV,32,559.2578125,530,30
7/11/20,202028,NV,32,638.3710938,592,62
7/18/20,202029,NV,32,686.8144531,646,54
7/25/20,202030,NV,32,803.5927734,732,86
8/1/20,202031,NV,32,763.2036133,832,100
8/8/20,202032,NV,32,594.3981934,949,117
8/15/20,202033,NV,32,643.8009033,1069,120
8/22/20,202034,NV,32,503.0995483,1197,128
8/29/20,202035,NV,32,423.4502258,1302,105
9/5/20,202036,NV,32,385.2748871,1388,86
9/12/20,202037,NV,32,283.3625565,1449,61
9/19/20,202038,NV,32,301.3187218,1528,79
9/26/20,202039,NV,32,291.3406391,1582,54
10/3/20,202040,NV,32,296.3296804,1620,38
10/10/20,202041,NV,32,370.8351598,1659,39
10/17/20,202042,NV,32,317.5824201,1707,48
10/24/20,202043,NV,32,334.2087899,1743,36
10/31/20,202044,NV,32,417.895605,1777,34
11/7/20,202045,NV,32,617.0521975,1850,73
11/14/20,202046,NV,32,716.4739013,1908,58
1/4/20,202001,NH,33,0,0,0
1/11/20,202002,NH,33,0,0,0
1/18/20,202003,NH,33,0,0,0
1/25/20,202004,NH,33,0,0,0
2/1/20,202005,NH,33,0,0,0
2/8/20,202006,NH,33,0,0,0
2/15/20,202007,NH,33,0,0,0
2/22/20,202008,NH,33,0,0,0
2/29/20,202009,NH,33,0,0,0
3/7/20,202010,NH,33,0,0,0
3/14/20,202011,NH,33,0,0,0
3/21/20,202012,NH,33,0,0,0
3/28/20,202013,NH,33,30,2,2
4/4/20,202014,NH,33,50,7,5
4/11/20,202015,NH,33,54,22,15
4/18/20,202016,NH,33,56,38,16
4/25/20,202017,NH,33,34,53,15
5/2/20,202018,NH,33,46,84,31
5/9/20,202019,NH,33,39,131,47
5/16/20,202020,NH,33,26,171,40
5/23/20,202021,NH,33,84,208,37
5/30/20,202022,NH,33,21,238,30
6/6/20,202023,NH,33,47,283,45
6/13/20,202024,NH,33,17,318,35
6/20/20,202025,NH,33,46,339,21
6/27/20,202026,NH,33,12,367,28
7/4/20,202027,NH,33,8,379,12
7/11/20,202028,NH,33,16,391,12
7/18/20,202029,NH,33,85,396,5
7/25/20,202030,NH,33,16,409,13
8/1/20,202031,NH,33,9,416,7
8/8/20,202032,NH,33,5,419,3
8/15/20,202033,NH,33,6,423,4
8/22/20,202034,NH,33,6,429,6
8/29/20,202035,NH,33,4,432,3
9/5/20,202036,NH,33,3,432,0
9/12/20,202037,NH,33,4,435,3
9/19/20,202038,NH,33,4,438,3
9/26/20,202039,NH,33,9,439,1
10/3/20,202040,NH,33,9,442,3
10/10/20,202041,NH,33,7,455,13
10/17/20,202042,NH,33,11,466,11
10/24/20,202043,NH,33,4,473,7
10/31/20,202044,NH,33,14,483,10
11/7/20,202045,NH,33,12,489,6
11/14/20,202046,NH,33,20,499,10
1/4/20,202001,NJ,34,0,0,0
1/11/20,202002,NJ,34,0,0,0
1/18/20,202003,NJ,34,0,0,0
1/25/20,202004,NJ,34,0,0,0
2/1/20,202005,NJ,34,0,0,0
2/8/20,202006,NJ,34,0,0,0
2/15/20,202007,NJ,34,0,0,0
2/22/20,202008,NJ,34,0,0,0
2/29/20,202009,NJ,34,0,0,0
3/7/20,202010,NJ,34,0,0,0
3/14/20,202011,NJ,34,0,1,1
3/21/20,202012,NJ,34,0,22,21
3/28/20,202013,NJ,34,0,192,170
4/4/20,202014,NJ,34,0,1059,867
4/11/20,202015,NJ,34,0,2854,1795
4/18/20,202016,NJ,34,0,5169,2315
4/25/20,202017,NJ,34,0,7274,2105
5/2/20,202018,NJ,34,0,9302,2028
5/9/20,202019,NJ,34,0,10805,1503
5/16/20,202020,NJ,34,0,12013,1208
5/23/20,202021,NJ,34,0,12869,856
5/30/20,202022,NJ,34,17121,13450,581
6/6/20,202023,NJ,34,902,13945,495
6/13/20,202024,NJ,34,684,14476,531
6/20/20,202025,NJ,34,560,14785,309
6/27/20,202026,NJ,34,556,14948,163
7/4/20,202027,NJ,34,410,15189,241
7/11/20,202028,NJ,34,399,15525,336
7/18/20,202029,NJ,34,432,15699,174
7/25/20,202030,NJ,34,256,15776,77
8/1/20,202031,NJ,34,251,15830,54
8/8/20,202032,NJ,34,384,15869,39
8/15/20,202033,NJ,34,248,15910,41
8/22/20,202034,NJ,34,248,15943,33
8/29/20,202035,NJ,34,172,15933,-10
9/5/20,202036,NJ,34,173,15985,52
9/12/20,202037,NJ,34,160,16027,42
9/19/20,202038,NJ,34,170,16064,37
9/26/20,202039,NJ,34,204,16103,39
10/3/20,202040,NJ,34,187,16135,32
10/10/20,202041,NJ,34,357,16171,36
10/17/20,202042,NJ,34,292,16204,33
10/24/20,202043,NJ,34,13102,16281,77
10/31/20,202044,NJ,34,426,16350,69
11/7/20,202045,NJ,34,562,16425,75
11/14/20,202046,NJ,34,686,16548,123
1/4/20,202001,NM,35,0,0,0
1/11/20,202002,NM,35,0,0,0
1/18/20,202003,NM,35,0,0,0
1/25/20,202004,NM,35,0,0,0
2/1/20,202005,NM,35,0,0,0
2/8/20,202006,NM,35,0,0,0
2/15/20,202007,NM,35,0,0,0
2/22/20,202008,NM,35,0,0,0
2/29/20,202009,NM,35,0,0,0
3/7/20,202010,NM,35,0,0,0
3/14/20,202011,NM,35,0,0,0
3/21/20,202012,NM,35,0,0,0
3/28/20,202013,NM,35,0,1,1
4/4/20,202014,NM,35,0,11,10
4/11/20,202015,NM,35,0,19,8
4/18/20,202016,NM,35,242,53,34
4/25/20,202017,NM,35,170,93,40
5/2/20,202018,NM,35,175,138,45
5/9/20,202019,NM,35,202,191,53
5/16/20,202020,NM,35,97,259,68
5/23/20,202021,NM,35,253,308,49
5/30/20,202022,NM,35,178,351,43
6/6/20,202023,NM,35,172,392,41
6/13/20,202024,NM,35,136,431,39
6/20/20,202025,NM,35,110,466,35
6/27/20,202026,NM,35,93,491,25
7/4/20,202027,NM,35,142,513,22
7/11/20,202028,NM,35,191,543,30
7/18/20,202029,NM,35,176,569,26
7/25/20,202030,NM,35,188,607,38
8/1/20,202031,NM,35,161,651,44
8/8/20,202032,NM,35,133,681,30
8/15/20,202033,NM,35,127,711,30
8/22/20,202034,NM,35,72,743,32
8/29/20,202035,NM,35,88,769,26
9/5/20,202036,NM,35,65,800,31
9/12/20,202037,NM,35,76,821,21
9/19/20,202038,NM,35,73,847,26
9/26/20,202039,NM,35,100,870,23
10/3/20,202040,NM,35,114,890,20
10/10/20,202041,NM,35,144,907,17
10/17/20,202042,NM,35,183,929,22
10/24/20,202043,NM,35,308,965,36
10/31/20,202044,NM,35,384,1018,53
11/7/20,202045,NM,35,467,1104,86
11/14/20,202046,NM,35,452,1208,104
1/4/20,202001,NY,36,0,0,0
1/11/20,202002,NY,36,0,0,0
1/18/20,202003,NY,36,0,0,0
1/25/20,202004,NY,36,0,0,0
2/1/20,202005,NY,36,0,0,0
2/8/20,202006,NY,36,0,0,0
2/15/20,202007,NY,36,0,0,0
2/22/20,202008,NY,36,0,0,0
2/29/20,202009,NY,36,0,0,0
3/7/20,202010,NY,36,0,0,0
3/14/20,202011,NY,36,0,5,5
3/21/20,202012,NY,36,1531,195,190
3/28/20,202013,NY,36,8923,1492,1297
4/4/20,202014,NY,36,19017,5686,4194
4/11/20,202015,NY,36,18826,12772,7086
4/18/20,202016,NY,36,14806,18175,5403
4/25/20,202017,NY,36,9341,22505,4330
5/2/20,202018,NY,36,6498,25201,2696
5/9/20,202019,NY,36,4343,27454,2253
5/16/20,202020,NY,36,2922,28845,1391
5/23/20,202021,NY,36,1876,30032,1187
5/30/20,202022,NY,36,1317,30649,617
6/6/20,202023,NY,36,595,31141,492
6/13/20,202024,NY,36,0,31568,427
6/20/20,202025,NY,36,0,31817,249
6/27/20,202026,NY,36,0,32051,234
7/4/20,202027,NY,36,0,32206,155
7/11/20,202028,NY,36,0,32380,174
7/18/20,202029,NY,36,0,32497,117
7/25/20,202030,NY,36,0,32612,115
8/1/20,202031,NY,36,0,32684,72
8/8/20,202032,NY,36,0,32753,69
8/15/20,202033,NY,36,0,32809,56
8/22/20,202034,NY,36,0,32839,30
8/29/20,202035,NY,36,0,32891,52
9/5/20,202036,NY,36,0,32987,96
9/12/20,202037,NY,36,0,33023,36
9/19/20,202038,NY,36,0,33081,58
9/26/20,202039,NY,36,0,33286,205
10/3/20,202040,NY,36,0,33375,89
10/10/20,202041,NY,36,0,33466,91
10/17/20,202042,NY,36,0,33547,81
10/24/20,202043,NY,36,0,33634,87
10/31/20,202044,NY,36,0,33730,96
11/7/20,202045,NY,36,0,33884,154
11/14/20,202046,NY,36,0,34010,126
1/4/20,202001,NC,37,0,0,0
1/11/20,202002,NC,37,0,0,0
1/18/20,202003,NC,37,0,0,0
1/25/20,202004,NC,37,0,0,0
2/1/20,202005,NC,37,0,0,0
2/8/20,202006,NC,37,0,0,0
2/15/20,202007,NC,37,0,0,0
2/22/20,202008,NC,37,0,0,0
2/29/20,202009,NC,37,0,0,0
3/7/20,202010,NC,37,0,0,0
3/14/20,202011,NC,37,0,0,0
3/21/20,202012,NC,37,0,0,0
3/28/20,202013,NC,37,87,5,5
4/4/20,202014,NC,37,227.5,34,29
4/11/20,202015,NC,37,248.25,89,55
4/18/20,202016,NC,37,263.875,187,98
4/25/20,202017,NC,37,324.0625,305,118
5/2/20,202018,NC,37,339.96875,431,126
5/9/20,202019,NC,37,343.015625,551,120
5/16/20,202020,NC,37,309.4921875,676,125
5/23/20,202021,NC,37,434.2539063,778,102
5/30/20,202022,NC,37,420.8730469,929,151
6/6/20,202023,NC,37,497.5634766,1028,99
6/13/20,202024,NC,37,574.2182617,1127,99
6/20/20,202025,NC,37,595.8908691,1215,88
6/27/20,202026,NC,37,590.0545654,1353,138
7/4/20,202027,NC,37,649.9727173,1422,69
7/11/20,202028,NC,37,768.0136414,1513,91
7/18/20,202029,NC,37,769.9931793,1648,135
7/25/20,202030,NC,37,783.0034103,1811,163
8/1/20,202031,NC,37,759.4982948,1979,168
8/8/20,202032,NC,37,749.2508526,2184,205
8/15/20,202033,NC,37,657.3745737,2343,159
8/22/20,202034,NC,37,667.3127131,2521,178
8/29/20,202035,NC,37,631.3436434,2683,162
9/5/20,202036,NC,37,515.3281783,2889,206
9/12/20,202037,NC,37,612.3359109,3047,158
9/19/20,202038,NC,37,575.8320446,3235,188
9/26/20,202039,NC,37,626.0839777,3440,205
10/3/20,202040,NC,37,607.9580111,3629,189
10/10/20,202041,NC,37,730.0209944,3765,136
10/17/20,202042,NC,37,774.9895028,3929,164
10/24/20,202043,NC,37,794.5052486,4144,215
10/31/20,202044,NC,37,786.7473757,4378,234
11/7/20,202045,NC,37,802.6263122,4605,227
11/14/20,202046,NC,37,1023.686844,4756,151
1/4/20,202001,ND,38,0,0,0
1/11/20,202002,ND,38,0,0,0
1/18/20,202003,ND,38,0,0,0
1/25/20,202004,ND,38,0,0,0
2/1/20,202005,ND,38,0,0,0
2/8/20,202006,ND,38,0,0,0
2/15/20,202007,ND,38,0,0,0
2/22/20,202008,ND,38,0,0,0
2/29/20,202009,ND,38,0,0,0
3/7/20,202010,ND,38,0,0,0
3/14/20,202011,ND,38,0,0,0
3/21/20,202012,ND,38,3,0,0
3/28/20,202013,ND,38,13,1,1
4/4/20,202014,ND,38,14,3,2
4/11/20,202015,ND,38,6,7,4
4/18/20,202016,ND,38,11,9,2
4/25/20,202017,ND,38,23,16,7
5/2/20,202018,ND,38,20,24,8
5/9/20,202019,ND,38,20,35,11
5/16/20,202020,ND,38,20,42,7
5/23/20,202021,ND,38,20,52,10
5/30/20,202022,ND,38,15,60,8
6/6/20,202023,ND,38,17,72,12
6/13/20,202024,ND,38,15,74,2
6/20/20,202025,ND,38,16,76,2
6/27/20,202026,ND,38,12,78,2
7/4/20,202027,ND,38,16,80,2
7/11/20,202028,ND,38,22,87,7
7/18/20,202029,ND,38,32,90,3
7/25/20,202030,ND,38,33,99,9
8/1/20,202031,ND,38,43,103,4
8/8/20,202032,ND,38,43,112,9
8/15/20,202033,ND,38,43,121,9
8/22/20,202034,ND,38,42,135,14
8/29/20,202035,ND,38,52,141,6
9/5/20,202036,ND,38,45,155,14
9/12/20,202037,ND,38,38,167,12
9/19/20,202038,ND,38,82,192,25
9/26/20,202039,ND,38,93,227,35
10/3/20,202040,ND,38,103,271,44
10/10/20,202041,ND,38,150,336,65
10/17/20,202042,ND,38,180,399,63
10/24/20,202043,ND,38,163,448,49
10/31/20,202044,ND,38,213,524,76
11/7/20,202045,ND,38,240,628,104
11/14/20,202046,ND,38,295,726,98
1/4/20,202001,OH,39,0,0,0
1/11/20,202002,OH,39,0,0,0
1/18/20,202003,OH,39,0,0,0
1/25/20,202004,OH,39,0,0,0
2/1/20,202005,OH,39,0,0,0
2/8/20,202006,OH,39,0,0,0
2/15/20,202007,OH,39,0,0,0
2/22/20,202008,OH,39,0,0,0
2/29/20,202009,OH,39,0,0,0
3/7/20,202010,OH,39,0,0,0
3/14/20,202011,OH,39,0,0,0
3/21/20,202012,OH,39,58,3,3
3/28/20,202013,OH,39,286,25,22
4/4/20,202014,OH,39,662,102,77
4/11/20,202015,OH,39,853,247,145
4/18/20,202016,OH,39,660,451,204
4/25/20,202017,OH,39,596,711,260
5/2/20,202018,OH,39,597,1022,311
5/9/20,202019,OH,39,588,1331,309
5/16/20,202020,OH,39,570,1610,279
5/23/20,202021,OH,39,567,1956,346
5/30/20,202022,OH,39,574,2149,193
6/6/20,202023,OH,39,449,2372,223
6/13/20,202024,OH,39,404,2556,184
6/20/20,202025,OH,39,337,2697,141
6/27/20,202026,OH,39,423,2804,107
7/4/20,202027,OH,39,487,2907,103
7/11/20,202028,OH,39,659,3036,129
7/18/20,202029,OH,39,743,3132,96
7/25/20,202030,OH,39,632,3297,165
8/1/20,202031,OH,39,712,3515,218
8/8/20,202032,OH,39,659,3668,153
8/15/20,202033,OH,39,694,3824,156
8/22/20,202034,OH,39,568,3975,151
8/29/20,202035,OH,39,510,4252,277
9/5/20,202036,OH,39,520,4256,4
9/12/20,202037,OH,39,476,4411,155
9/19/20,202038,OH,39,466,4612,201
9/26/20,202039,OH,39,435,4740,128
10/3/20,202040,OH,39,550,4925,185
10/10/20,202041,OH,39,620,4997,72
10/17/20,202042,OH,39,654,5067,70
10/24/20,202043,OH,39,997,5206,139
10/31/20,202044,OH,39,1126,5301,95
11/7/20,202045,OH,39,1263,5506,205
11/14/20,202046,OH,39,1681,5714,208
1/4/20,202001,OK,40,0,0,0
1/11/20,202002,OK,40,0,0,0
1/18/20,202003,OK,40,0,0,0
1/25/20,202004,OK,40,0,0,0
2/1/20,202005,OK,40,0,0,0
2/8/20,202006,OK,40,0,0,0
2/15/20,202007,OK,40,0,0,0
2/22/20,202008,OK,40,0,0,0
2/29/20,202009,OK,40,0,0,0
3/7/20,202010,OK,40,0,0,0
3/14/20,202011,OK,40,0,0,0
3/21/20,202012,OK,40,10,1,1
3/28/20,202013,OK,40,116,15,14
4/4/20,202014,OK,40,190,42,27
4/11/20,202015,OK,40,130,94,52
4/18/20,202016,OK,40,95,136,42
4/25/20,202017,OK,40,96,194,58
5/2/20,202018,OK,40,106,238,44
5/9/20,202019,OK,40,79,270,32
5/16/20,202020,OK,40,56,288,18
5/23/20,202021,OK,40,48,311,23
5/30/20,202022,OK,40,56,334,23
6/6/20,202023,OK,40,44,347,13
6/13/20,202024,OK,40,85,359,12
6/20/20,202025,OK,40,118,368,9
6/27/20,202026,OK,40,211,384,16
7/4/20,202027,OK,40,236,398,14
7/11/20,202028,OK,40,316,421,23
7/18/20,202029,OK,40,383,451,30
7/25/20,202030,OK,40,393,496,45
8/1/20,202031,OK,40,460,549,53
8/8/20,202032,OK,40,366,603,54
8/15/20,202033,OK,40,404,657,54
8/22/20,202034,OK,40,370,725,68
8/29/20,202035,OK,40,426,797,72
9/5/20,202036,OK,40,311,850,53
9/12/20,202037,OK,40,319,899,49
9/19/20,202038,OK,40,419,943,44
9/26/20,202039,OK,40,409,1004,61
10/3/20,202040,OK,40,318,1051,47
10/10/20,202041,OK,40,648,1095,44
10/17/20,202042,OK,40,571,1162,67
10/24/20,202043,OK,40,590,1245,83
10/31/20,202044,OK,40,529,1337,92
11/7/20,202045,OK,40,549,1429,92
11/14/20,202046,OK,40,833,1516,87
1/4/20,202001,OR,41,0,0,0
1/11/20,202002,OR,41,0,0,0
1/18/20,202003,OR,41,0,0,0
1/25/20,202004,OR,41,0,0,0
2/1/20,202005,OR,41,0,0,0
2/8/20,202006,OR,41,0,0,0
2/15/20,202007,OR,41,0,0,0
2/22/20,202008,OR,41,0,0,0
2/29/20,202009,OR,41,0,0,0
3/7/20,202010,OR,41,0,0,0
3/14/20,202011,OR,41,0,0,0
3/21/20,202012,OR,41,0,4,4
3/28/20,202013,OR,41,117,13,9
4/4/20,202014,OR,41,122,22,9
4/11/20,202015,OR,41,99,48,26
4/18/20,202016,OR,41,111,72,24
4/25/20,202017,OR,41,87,87,15
5/2/20,202018,OR,41,59,109,22
5/9/20,202019,OR,41,67,127,18
5/16/20,202020,OR,41,37,137,10
5/23/20,202021,OR,41,41,147,10
5/30/20,202022,OR,41,38,153,6
6/6/20,202023,OR,41,41,161,8
6/13/20,202024,OR,41,56,173,12
6/20/20,202025,OR,41,71,189,16
6/27/20,202026,OR,41,76,202,13
7/4/20,202027,OR,41,47,213,11
7/11/20,202028,OR,41,111,232,19
7/18/20,202029,OR,41,147,257,25
7/25/20,202030,OR,41,147,285,28
8/1/20,202031,OR,41,133,325,40
8/8/20,202032,OR,41,151,355,30
8/15/20,202033,OR,41,105,386,31
8/22/20,202034,OR,41,121,417,31
8/29/20,202035,OR,41,124,454,37
9/5/20,202036,OR,41,67,480,26
9/12/20,202037,OR,41,74,505,25
9/19/20,202038,OR,41,121,525,20
9/26/20,202039,OR,41,140,542,17
10/3/20,202040,OR,41,122,571,29
10/10/20,202041,OR,41,123,599,28
10/17/20,202042,OR,41,145,619,20
10/24/20,202043,OR,41,148,653,34
10/31/20,202044,OR,41,170,689,36
11/7/20,202045,OR,41,174,729,40
11/14/20,202046,OR,41,250,759,30
1/4/20,202001,PA,42,0,0,0
1/11/20,202002,PA,42,0,0,0
1/18/20,202003,PA,42,0,0,0
1/25/20,202004,PA,42,0,0,0
2/1/20,202005,PA,42,0,0,0
2/8/20,202006,PA,42,0,0,0
2/15/20,202007,PA,42,0,0,0
2/22/20,202008,PA,42,0,0,0
2/29/20,202009,PA,42,0,0,0
3/7/20,202010,PA,42,0,0,0
3/14/20,202011,PA,42,0,0,0
3/21/20,202012,PA,42,0,2,2
3/28/20,202013,PA,42,0,34,32
4/4/20,202014,PA,42,0,136,102
4/11/20,202015,PA,42,2115,503,367
4/18/20,202016,PA,42,1555.5,1042,539
4/25/20,202017,PA,42,1970.25,1793,751
5/2/20,202018,PA,42,1687.875,2695,902
5/9/20,202019,PA,42,1441.0625,3779,1084
5/16/20,202020,PA,42,1152.46875,4480,701
5/23/20,202021,PA,42,983.765625,5112,632
5/30/20,202022,PA,42,860.1171875,5537,425
6/6/20,202023,PA,42,743.9414063,5931,394
6/13/20,202024,PA,42,503.0292969,6211,280
6/20/20,202025,PA,42,463.4853516,6419,208
6/27/20,202026,PA,42,419.2573242,6603,184
7/4/20,202027,PA,42,379.3713379,6749,146
7/11/20,202028,PA,42,456.3143311,6897,148
7/18/20,202029,PA,42,470.8428345,7015,118
7/25/20,202030,PA,42,473.5785828,7124,109
8/1/20,202031,PA,42,342.2107086,7219,95
8/8/20,202032,PA,42,462.8946457,7310,91
8/15/20,202033,PA,42,340.5526772,7451,141
8/22/20,202034,PA,42,316.7236614,7555,104
8/29/20,202035,PA,42,350.6381693,7656,101
9/5/20,202036,PA,42,329.6809154,7750,94
9/12/20,202037,PA,42,305.1595423,7829,79
9/19/20,202038,PA,42,317.4202288,7940,111
9/26/20,202039,PA,42,285.2898856,8083,143
10/3/20,202040,PA,42,430.3550572,8180,97
10/10/20,202041,PA,42,516.8224714,8324,144
10/17/20,202042,PA,42,588.5887643,8442,118
10/24/20,202043,PA,42,792.7056178,8636,194
10/31/20,202044,PA,42,862.6471911,8800,164
11/7/20,202045,PA,42,1255.676404,9001,201
11/14/20,202046,PA,42,1746.161798,9252,251
1/4/20,202001,RI,44,0,0,0
1/11/20,202002,RI,44,0,0,0
1/18/20,202003,RI,44,0,0,0
1/25/20,202004,RI,44,0,0,0
2/1/20,202005,RI,44,0,0,0
2/8/20,202006,RI,44,0,0,0
2/15/20,202007,RI,44,0,0,0
2/22/20,202008,RI,44,0,0,0
2/29/20,202009,RI,44,0,0,0
3/7/20,202010,RI,44,0,0,0
3/14/20,202011,RI,44,0,0,0
3/21/20,202012,RI,44,0,1,1
3/28/20,202013,RI,44,0,2,1
4/4/20,202014,RI,44,0,21,19
4/11/20,202015,RI,44,0,63,42
4/18/20,202016,RI,44,578,134,71
4/25/20,202017,RI,44,179,215,81
5/2/20,202018,RI,44,401,376,161
5/9/20,202019,RI,44,241,480,104
5/16/20,202020,RI,44,185,548,68
5/23/20,202021,RI,44,154,619,71
5/30/20,202022,RI,44,125,711,92
6/6/20,202023,RI,44,93,872,161
6/13/20,202024,RI,44,78,883,11
6/20/20,202025,RI,44,69,908,25
6/27/20,202026,RI,44,62,927,19
7/4/20,202027,RI,44,35,980,53
7/11/20,202028,RI,44,32,987,7
7/18/20,202029,RI,44,37,991,4
7/25/20,202030,RI,44,58,1002,11
8/1/20,202031,RI,44,65,1020,18
8/8/20,202032,RI,44,83,1025,5
8/15/20,202033,RI,44,81,1027,2
8/22/20,202034,RI,44,80,1038,11
8/29/20,202035,RI,44,59,1046,8
9/5/20,202036,RI,44,69,1069,23
9/12/20,202037,RI,44,58,1071,2
9/19/20,202038,RI,44,48,1088,17
9/26/20,202039,RI,44,38,1107,19
10/3/20,202040,RI,44,103,1118,11
10/10/20,202041,RI,44,106,1130,12
10/17/20,202042,RI,44,105,1152,22
10/24/20,202043,RI,44,158,1177,25
10/31/20,202044,RI,44,161,1201,24
11/7/20,202045,RI,44,200,1224,23
11/14/20,202046,RI,44,198,1254,30
1/4/20,202001,SC,45,0,0,0
1/11/20,202002,SC,45,0,0,0
1/18/20,202003,SC,45,0,0,0
1/25/20,202004,SC,45,0,0,0
2/1/20,202005,SC,45,0,0,0
2/8/20,202006,SC,45,0,0,0
2/15/20,202007,SC,45,0,0,0
2/22/20,202008,SC,45,0,0,0
2/29/20,202009,SC,45,0,0,0
3/7/20,202010,SC,45,0,0,0
3/14/20,202011,SC,45,0,0,0
3/21/20,202012,SC,45,0,3,3
3/28/20,202013,SC,45,102,15,12
4/4/20,202014,SC,45,139,40,25
4/11/20,202015,SC,45,255,80,40
4/18/20,202016,SC,45,280,119,39
4/25/20,202017,SC,45,168,166,47
5/2/20,202018,SC,45,166,267,101
5/9/20,202019,SC,45,142,330,63
5/16/20,202020,SC,45,169,380,50
5/23/20,202021,SC,45,113,425,45
5/30/20,202022,SC,45,100,487,62
6/6/20,202023,SC,45,180,545,58
6/13/20,202024,SC,45,174,599,54
6/20/20,202025,SC,45,306,644,45
6/27/20,202026,SC,45,328,711,67
7/4/20,202027,SC,45,260,813,102
7/11/20,202028,SC,45,516,951,138
7/18/20,202029,SC,45,784,1135,184
7/25/20,202030,SC,45,645,1465,330
8/1/20,202031,SC,45,700,1751,286
8/8/20,202032,SC,45,626,2007,256
8/15/20,202033,SC,45,699,2260,253
8/22/20,202034,SC,45,587,2493,233
8/29/20,202035,SC,45,326,2698,205
9/5/20,202036,SC,45,368,2877,179
9/12/20,202037,SC,45,269,3040,163
9/19/20,202038,SC,45,306,3188,148
9/26/20,202039,SC,45,320,3323,135
10/3/20,202040,SC,45,188,3442,119
10/10/20,202041,SC,45,345,3551,109
10/17/20,202042,SC,45,356,3637,86
10/24/20,202043,SC,45,295,3793,156
10/31/20,202044,SC,45,288,3935,142
11/7/20,202045,SC,45,334,4015,80
11/14/20,202046,SC,45,348,4110,95
1/4/20,202001,SD,46,0,0,0
1/11/20,202002,SD,46,0,0,0
1/18/20,202003,SD,46,0,0,0
1/25/20,202004,SD,46,0,0,0
2/1/20,202005,SD,46,0,0,0
2/8/20,202006,SD,46,0,0,0
2/15/20,202007,SD,46,0,0,0
2/22/20,202008,SD,46,0,0,0
2/29/20,202009,SD,46,0,0,0
3/7/20,202010,SD,46,0,0,0
3/14/20,202011,SD,46,0,1,1
3/21/20,202012,SD,46,0,1,0
3/28/20,202013,SD,46,0,1,0
4/4/20,202014,SD,46,19,2,1
4/11/20,202015,SD,46,14,6,4
4/18/20,202016,SD,46,35,7,1
4/25/20,202017,SD,46,60,10,3
5/2/20,202018,SD,46,59,21,11
5/9/20,202019,SD,46,66,34,13
5/16/20,202020,SD,46,51,44,10
5/23/20,202021,SD,46,54,50,6
5/30/20,202022,SD,46,69,62,12
6/6/20,202023,SD,46,47,65,3
6/13/20,202024,SD,46,57,75,10
6/20/20,202025,SD,46,67,81,6
6/27/20,202026,SD,46,47,91,10
7/4/20,202027,SD,46,44,97,6
7/11/20,202028,SD,46,49,109,12
7/18/20,202029,SD,46,33,116,7
7/25/20,202030,SD,46,27,122,6
8/1/20,202031,SD,46,34,134,12
8/8/20,202032,SD,46,39,146,12
8/15/20,202033,SD,46,42,152,6
8/22/20,202034,SD,46,38,160,8
8/29/20,202035,SD,46,55,167,7
9/5/20,202036,SD,46,62,173,6
9/12/20,202037,SD,46,84,183,10
9/19/20,202038,SD,46,116,200,17
9/26/20,202039,SD,46,166,218,18
10/3/20,202040,SD,46,181,248,30
10/10/20,202041,SD,46,214,286,38
10/17/20,202042,SD,46,248,315,29
10/24/20,202043,SD,46,301,366,51
10/31/20,202044,SD,46,305,425,59
11/7/20,202045,SD,46,425,523,98
11/14/20,202046,SD,46,490,621,98
1/4/20,202001,TN,47,0,0,0
1/11/20,202002,TN,47,0,0,0
1/18/20,202003,TN,47,0,0,0
1/25/20,202004,TN,47,0,0,0
2/1/20,202005,TN,47,0,0,0
2/8/20,202006,TN,47,0,0,0
2/15/20,202007,TN,47,0,0,0
2/22/20,202008,TN,47,0,0,0
2/29/20,202009,TN,47,0,0,0
3/7/20,202010,TN,47,0,0,0
3/14/20,202011,TN,47,0,0,0
3/21/20,202012,TN,47,0,1,1
3/28/20,202013,TN,47,118,7,6
4/4/20,202014,TN,47,193,50,43
4/11/20,202015,TN,47,245,106,56
4/18/20,202016,TN,47,163,142,36
4/25/20,202017,TN,47,102,177,35
5/2/20,202018,TN,47,304,209,32
5/9/20,202019,TN,47,194,242,33
5/16/20,202020,TN,47,155,295,53
5/23/20,202021,TN,47,99,329,34
5/30/20,202022,TN,47,159,364,35
6/6/20,202023,TN,47,191,417,53
6/13/20,202024,TN,47,150,472,55
6/20/20,202025,TN,47,193,524,52
6/27/20,202026,TN,47,298,584,60
7/4/20,202027,TN,47,296,637,53
7/11/20,202028,TN,47,333,738,101
7/18/20,202029,TN,47,456,838,100
7/25/20,202030,TN,47,547,964,126
8/1/20,202031,TN,47,528,1067,103
8/8/20,202032,TN,47,538,1215,148
8/15/20,202033,TN,47,551,1345,130
8/22/20,202034,TN,47,515,1563,218
8/29/20,202035,TN,47,423,1725,162
9/5/20,202036,TN,47,525,1862,137
9/12/20,202037,TN,47,403,2064,202
9/19/20,202038,TN,47,437,2216,152
9/26/20,202039,TN,47,412,2374,158
10/3/20,202040,TN,47,331,2560,186
10/10/20,202041,TN,47,321,2758,198
10/17/20,202042,TN,47,375,2903,145
10/24/20,202043,TN,47,371,3100,197
10/31/20,202044,TN,47,380,3353,253
11/7/20,202045,TN,47,339,3590,237
11/14/20,202046,TN,47,471,3877,287
1/4/20,202001,TX,48,0,0,0
1/11/20,202002,TX,48,0,0,0
1/18/20,202003,TX,48,0,0,0
1/25/20,202004,TX,48,0,0,0
2/1/20,202005,TX,48,0,0,0
2/8/20,202006,TX,48,0,0,0
2/15/20,202007,TX,48,0,0,0
2/22/20,202008,TX,48,0,0,0
2/29/20,202009,TX,48,0,0,0
3/7/20,202010,TX,48,0,0,0
3/14/20,202011,TX,48,0,0,0
3/21/20,202012,TX,48,0,6,6
3/28/20,202013,TX,48,0,39,33
4/4/20,202014,TX,48,196,135,96
4/11/20,202015,TX,48,1416,304,169
4/18/20,202016,TX,48,613,529,225
4/25/20,202017,TX,48,1290.5,720,191
5/2/20,202018,TX,48,1079.75,933,213
5/9/20,202019,TX,48,1195.125,1132,199
5/16/20,202020,TX,48,1193.4375,1383,251
5/23/20,202021,TX,48,1091.28125,1553,170
5/30/20,202022,TX,48,1206.359375,1769,216
6/6/20,202023,TX,48,1218.820313,1957,188
6/13/20,202024,TX,48,1632.589844,2125,168
6/20/20,202025,TX,48,2430.705078,2355,230
6/27/20,202026,TX,48,4307.647461,2603,248
7/4/20,202027,TX,48,5736.17627,2951,348
7/11/20,202028,TX,48,7214.911865,3638,687
7/18/20,202029,TX,48,7050.544067,4576,938
7/25/20,202030,TX,48,7367.727966,5705,1129
8/1/20,202031,TX,48,5285.136017,7576,1871
8/8/20,202032,TX,48,5229.431992,9058,1482
8/15/20,202033,TX,48,3866.284004,10268,1210
8/22/20,202034,TX,48,3340.857998,11578,1310
8/29/20,202035,TX,48,2602.571001,12607,1029
9/5/20,202036,TX,48,2671.714499,13576,969
9/12/20,202037,TX,48,2035.14275,14332,756
9/19/20,202038,TX,48,2106.428625,15051,719
9/26/20,202039,TX,48,2155.785688,15707,656
10/3/20,202040,TX,48,2117.107156,16295,588
10/10/20,202041,TX,48,2569.446422,16943,648
10/17/20,202042,TX,48,2990.276789,17440,497
10/24/20,202043,TX,48,3499.861605,17915,475
10/31/20,202044,TX,48,3946.069197,18465,550
11/7/20,202045,TX,48,4094.965401,19146,681
11/14/20,202046,TX,48,5103.517299,19918,772
1/4/20,202001,UT,49,0,0,0
1/11/20,202002,UT,49,0,0,0
1/18/20,202003,UT,49,0,0,0
1/25/20,202004,UT,49,0,0,0
2/1/20,202005,UT,49,0,0,0
2/8/20,202006,UT,49,0,0,0
2/15/20,202007,UT,49,0,0,0
2/22/20,202008,UT,49,0,0,0
2/29/20,202009,UT,49,0,0,0
3/7/20,202010,UT,49,0,0,0
3/14/20,202011,UT,49,0,0,0
3/21/20,202012,UT,49,0,0,0
3/28/20,202013,UT,49,0,1,1
4/4/20,202014,UT,49,117,8,7
4/11/20,202015,UT,49,73,18,10
4/18/20,202016,UT,49,61,25,7
4/25/20,202017,UT,49,78,41,16
5/2/20,202018,UT,49,89,49,8
5/9/20,202019,UT,49,80,66,17
5/16/20,202020,UT,49,80,78,12
5/23/20,202021,UT,49,98,97,19
5/30/20,202022,UT,49,87,112,15
6/6/20,202023,UT,49,127,121,9
6/13/20,202024,UT,49,122,139,18
6/20/20,202025,UT,49,149,155,16
6/27/20,202026,UT,49,204,167,12
7/4/20,202027,UT,49,200,181,14
7/11/20,202028,UT,49,232,212,31
7/18/20,202029,UT,49,217,243,31
7/25/20,202030,UT,49,199,274,31
8/1/20,202031,UT,49,199,310,36
8/8/20,202032,UT,49,192,335,25
8/15/20,202033,UT,49,156,363,28
8/22/20,202034,UT,49,139,385,22
8/29/20,202035,UT,49,158,407,22
9/5/20,202036,UT,49,131,420,13
9/12/20,202037,UT,49,123,433,13
9/19/20,202038,UT,49,166,440,7
9/26/20,202039,UT,49,225,448,8
10/3/20,202040,UT,49,254,476,28
10/10/20,202041,UT,49,319,510,34
10/17/20,202042,UT,49,335,540,30
10/24/20,202043,UT,49,387,568,28
10/31/20,202044,UT,49,466,604,36
11/7/20,202045,UT,49,557,658,54
11/14/20,202046,UT,49,656,710,52
1/4/20,202001,VT,50,0,0,0
1/11/20,202002,VT,50,0,0,0
1/18/20,202003,VT,50,0,0,0
1/25/20,202004,VT,50,0,0,0
2/1/20,202005,VT,50,0,0,0
2/8/20,202006,VT,50,0,0,0
2/15/20,202007,VT,50,0,0,0
2/22/20,202008,VT,50,0,0,0
2/29/20,202009,VT,50,0,0,0
3/7/20,202010,VT,50,0,0,0
3/14/20,202011,VT,50,0,0,0
3/21/20,202012,VT,50,0,2,2
3/28/20,202013,VT,50,18,12,10
4/4/20,202014,VT,50,27,20,8
4/11/20,202015,VT,50,5,25,5
4/18/20,202016,VT,50,0,38,13
4/25/20,202017,VT,50,0,46,8
5/2/20,202018,VT,50,0,51,5
5/9/20,202019,VT,50,0,53,2
5/16/20,202020,VT,50,0,53,0
5/23/20,202021,VT,50,0,54,1
5/30/20,202022,VT,50,0,55,1
6/6/20,202023,VT,50,0,55,0
6/13/20,202024,VT,50,0,55,0
6/20/20,202025,VT,50,0,56,1
6/27/20,202026,VT,50,0,56,0
7/4/20,202027,VT,50,0,56,0
7/11/20,202028,VT,50,0,56,0
7/18/20,202029,VT,50,0,56,0
7/25/20,202030,VT,50,0,56,0
8/1/20,202031,VT,50,0,57,1
8/8/20,202032,VT,50,0,58,1
8/15/20,202033,VT,50,0,58,0
8/22/20,202034,VT,50,0,58,0
8/29/20,202035,VT,50,0,58,0
9/5/20,202036,VT,50,0,58,0
9/12/20,202037,VT,50,0,58,0
9/19/20,202038,VT,50,0,58,0
9/26/20,202039,VT,50,0,58,0
10/3/20,202040,VT,50,0,58,0
10/10/20,202041,VT,50,0,58,0
10/17/20,202042,VT,50,0,58,0
10/24/20,202043,VT,50,0,58,0
10/31/20,202044,VT,50,0,58,0
11/7/20,202045,VT,50,0,59,1
11/14/20,202046,VT,50,0,59,0
1/4/20,202001,VA,51,0,0,0
1/11/20,202002,VA,51,0,0,0
1/18/20,202003,VA,51,0,0,0
1/25/20,202004,VA,51,0,0,0
2/1/20,202005,VA,51,0,0,0
2/8/20,202006,VA,51,0,0,0
2/15/20,202007,VA,51,0,0,0
2/22/20,202008,VA,51,0,0,0
2/29/20,202009,VA,51,0,0,0
3/7/20,202010,VA,51,0,0,0
3/14/20,202011,VA,51,0,1,1
3/21/20,202012,VA,51,25,3,2
3/28/20,202013,VA,51,74,13,10
4/4/20,202014,VA,51,291,52,39
4/11/20,202015,VA,51,382,130,78
4/18/20,202016,VA,51,524,258,128
4/25/20,202017,VA,51,646,437,179
5/2/20,202018,VA,51,1796,617,180
5/9/20,202019,VA,51,979,827,210
5/16/20,202020,VA,51,697,1003,176
5/23/20,202021,VA,51,1017,1159,156
5/30/20,202022,VA,51,785,1370,211
6/6/20,202023,VA,51,381,1461,91
6/13/20,202024,VA,51,554,1541,80
6/20/20,202025,VA,51,418,1607,66
6/27/20,202026,VA,51,300,1724,117
7/4/20,202027,VA,51,762,1849,125
7/11/20,202028,VA,51,742,1962,113
7/18/20,202029,VA,51,851,2025,63
7/25/20,202030,VA,51,859,2075,50
8/1/20,202031,VA,51,1270,2215,140
8/8/20,202032,VA,51,838,2322,107
8/15/20,202033,VA,51,864,2381,59
8/22/20,202034,VA,51,542,2443,62
8/29/20,202035,VA,51,551,2568,125
9/5/20,202036,VA,51,676,2677,109
9/12/20,202037,VA,51,537,2722,45
9/19/20,202038,VA,51,537,2990,268
9/26/20,202039,VA,51,371,3144,154
10/3/20,202040,VA,51,537,3270,126
10/10/20,202041,VA,51,674,3354,84
10/17/20,202042,VA,51,599,3422,68
10/24/20,202043,VA,51,457,3578,156
10/31/20,202044,VA,51,600,3654,76
11/7/20,202045,VA,51,1469,3704,50
11/14/20,202046,VA,51,1001,3799,95
1/4/20,202001,WA,53,0,0,0
1/11/20,202002,WA,53,0,0,0
1/18/20,202003,WA,53,0,0,0
1/25/20,202004,WA,53,0,0,0
2/1/20,202005,WA,53,0,0,0
2/8/20,202006,WA,53,0,0,0
2/15/20,202007,WA,53,0,0,0
2/22/20,202008,WA,53,0,0,0
2/29/20,202009,WA,53,0,1,1
3/7/20,202010,WA,53,0,16,15
3/14/20,202011,WA,53,0,39,23
3/21/20,202012,WA,53,0,94,55
3/28/20,202013,WA,53,0,188,94
4/4/20,202014,WA,53,0,315,127
4/11/20,202015,WA,53,0,495,180
4/18/20,202016,WA,53,0,613,118
4/25/20,202017,WA,53,0,737,124
5/2/20,202018,WA,53,0,830,93
5/9/20,202019,WA,53,0,921,91
5/16/20,202020,WA,53,0,999,78
5/23/20,202021,WA,53,3230,1050,51
5/30/20,202022,WA,53,225,1118,68
6/6/20,202023,WA,53,184,1153,35
6/13/20,202024,WA,53,179,1213,60
6/20/20,202025,WA,53,186,1265,52
6/27/20,202026,WA,53,191,1310,45
7/4/20,202027,WA,53,269,1354,44
7/11/20,202028,WA,53,202,1424,70
7/18/20,202029,WA,53,322,1444,20
7/25/20,202030,WA,53,317,1494,50
8/1/20,202031,WA,53,267,1592,98
8/8/20,202032,WA,53,322,1688,96
8/15/20,202033,WA,53,316,1766,78
8/22/20,202034,WA,53,263,1857,91
8/29/20,202035,WA,53,210,1905,48
9/5/20,202036,WA,53,169,1953,48
9/12/20,202037,WA,53,206,1991,38
9/19/20,202038,WA,53,167,2037,46
9/26/20,202039,WA,53,197,2100,63
10/3/20,202040,WA,53,174,2142,42
10/10/20,202041,WA,53,182,2190,48
10/17/20,202042,WA,53,209,2239,49
10/24/20,202043,WA,53,260,2296,57
10/31/20,202044,WA,53,291,2366,70
11/7/20,202045,WA,53,269,2439,73
11/14/20,202046,WA,53,475,2519,80
1/4/20,202001,WV,54,0,0,0
1/11/20,202002,WV,54,0,0,0
1/18/20,202003,WV,54,0,0,0
1/25/20,202004,WV,54,0,0,0
2/1/20,202005,WV,54,0,0,0
2/8/20,202006,WV,54,0,0,0
2/15/20,202007,WV,54,0,0,0
2/22/20,202008,WV,54,0,0,0
2/29/20,202009,WV,54,0,0,0
3/7/20,202010,WV,54,0,0,0
3/14/20,202011,WV,54,0,0,0
3/21/20,202012,WV,54,1,0,0
3/28/20,202013,WV,54,0,0,0
4/4/20,202014,WV,54,0,2,2
4/11/20,202015,WV,54,0,5,3
4/18/20,202016,WV,54,164,16,11
4/25/20,202017,WV,54,0,32,16
5/2/20,202018,WV,54,0,48,16
5/9/20,202019,WV,54,0,52,4
5/16/20,202020,WV,54,0,64,12
5/23/20,202021,WV,54,0,72,8
5/30/20,202022,WV,54,0,75,3
6/6/20,202023,WV,54,0,84,9
6/13/20,202024,WV,54,0,88,4
6/20/20,202025,WV,54,0,88,0
6/27/20,202026,WV,54,0,93,5
7/4/20,202027,WV,54,0,94,1
7/11/20,202028,WV,54,0,96,2
7/18/20,202029,WV,54,0,100,4
7/25/20,202030,WV,54,0,103,3
8/1/20,202031,WV,54,0,116,13
8/8/20,202032,WV,54,0,131,15
8/15/20,202033,WV,54,0,160,29
8/22/20,202034,WV,54,0,177,17
8/29/20,202035,WV,54,0,215,38
9/5/20,202036,WV,54,0,246,31
9/12/20,202037,WV,54,0,266,20
9/19/20,202038,WV,54,0,311,45
9/26/20,202039,WV,54,0,337,26
10/3/20,202040,WV,54,0,363,26
10/10/20,202041,WV,54,0,387,24
10/17/20,202042,WV,54,0,401,14
10/24/20,202043,WV,54,0,424,23
10/31/20,202044,WV,54,0,459,35
11/7/20,202045,WV,54,0,503,44
11/14/20,202046,WV,54,0,574,71
1/4/20,202001,WI,55,0,0,0
1/11/20,202002,WI,55,0,0,0
1/18/20,202003,WI,55,0,0,0
1/25/20,202004,WI,55,0,0,0
2/1/20,202005,WI,55,0,0,0
2/8/20,202006,WI,55,0,0,0
2/15/20,202007,WI,55,0,0,0
2/22/20,202008,WI,55,0,0,0
2/29/20,202009,WI,55,0,0,0
3/7/20,202010,WI,55,0,0,0
3/14/20,202011,WI,55,0,0,0
3/21/20,202012,WI,55,0,4,4
3/28/20,202013,WI,55,0,22,18
4/4/20,202014,WI,55,588,102,80
4/11/20,202015,WI,55,362,177,75
4/18/20,202016,WI,55,226,249,72
4/25/20,202017,WI,55,200,299,50
5/2/20,202018,WI,55,215,374,75
5/9/20,202019,WI,55,215,434,60
5/16/20,202020,WI,55,212,488,54
5/23/20,202021,WI,55,274,556,68
5/30/20,202022,WI,55,271,645,89
6/6/20,202023,WI,55,269,690,45
6/13/20,202024,WI,55,203,734,44
6/20/20,202025,WI,55,168,772,38
6/27/20,202026,WI,55,179,807,35
7/4/20,202027,WI,55,192,827,20
7/11/20,202028,WI,55,223,847,20
7/18/20,202029,WI,55,285,879,32
7/25/20,202030,WI,55,286,933,54
8/1/20,202031,WI,55,313,981,48
8/8/20,202032,WI,55,299,1043,62
8/15/20,202033,WI,55,295,1094,51
8/22/20,202034,WI,55,270,1131,37
8/29/20,202035,WI,55,230,1178,47
9/5/20,202036,WI,55,273,1218,40
9/12/20,202037,WI,55,261,1261,43
9/19/20,202038,WI,55,310,1296,35
9/26/20,202039,WI,55,422,1357,61
10/3/20,202040,WI,55,547,1443,86
10/10/20,202041,WI,55,731,1568,125
10/17/20,202042,WI,55,708,1761,193
10/24/20,202043,WI,55,1210,2039,278
10/31/20,202044,WI,55,1137,2339,300
11/7/20,202045,WI,55,1353,2548,209
11/14/20,202046,WI,55,1499,2739,191
1/4/20,202001,WY,56,0,0,0
1/11/20,202002,WY,56,0,0,0
1/18/20,202003,WY,56,0,0,0
1/25/20,202004,WY,56,0,0,0
2/1/20,202005,WY,56,0,0,0
2/8/20,202006,WY,56,0,0,0
2/15/20,202007,WY,56,0,0,0
2/22/20,202008,WY,56,0,0,0
2/29/20,202009,WY,56,0,0,0
3/7/20,202010,WY,56,0,0,0
3/14/20,202011,WY,56,0,0,0
3/21/20,202012,WY,56,0,0,0
3/28/20,202013,WY,56,14,0,0
4/4/20,202014,WY,56,9,0,0
4/11/20,202015,WY,56,14,0,0
4/18/20,202016,WY,56,13,2,2
4/25/20,202017,WY,56,4,7,5
5/2/20,202018,WY,56,4,7,0
5/9/20,202019,WY,56,7,7,0
5/16/20,202020,WY,56,5,7,0
5/23/20,202021,WY,56,8,12,5
5/30/20,202022,WY,56,8,16,4
6/6/20,202023,WY,56,5,17,1
6/13/20,202024,WY,56,3,18,1
6/20/20,202025,WY,56,5,20,2
6/27/20,202026,WY,56,14,20,0
7/4/20,202027,WY,56,8,20,0
7/11/20,202028,WY,56,4,21,1
7/18/20,202029,WY,56,19,24,3
7/25/20,202030,WY,56,16,25,1
8/1/20,202031,WY,56,9,26,1
8/8/20,202032,WY,56,10,28,2
8/15/20,202033,WY,56,14,30,2
8/22/20,202034,WY,56,14,37,7
8/29/20,202035,WY,56,12,37,0
9/5/20,202036,WY,56,8,42,5
9/12/20,202037,WY,56,68,42,0
9/19/20,202038,WY,56,14,49,7
9/26/20,202039,WY,56,16,50,1
10/3/20,202040,WY,56,23,53,3
10/10/20,202041,WY,56,42,54,1
10/17/20,202042,WY,56,36,57,3
10/24/20,202043,WY,56,34,68,11
10/31/20,202044,WY,56,48,87,19
11/7/20,202045,WY,56,66,114,27
11/14/20,202046,WY,56,75,144,30
